TSNE_1,TSNE_2,Cluster,Income,TotalSpending,Age,Recency
30.714474,16.010548,2,58138.0,1617,57,58
-31.241028,29.435057,0,46344.0,27,60,38
33.02391,8.593563,2,71613.0,776,49,26
-39.625443,-17.823606,0,26646.0,53,30,26
-14.389684,-17.11191,0,58293.0,422,33,94
16.402813,8.467318,3,62513.0,716,47,16
0.4288432,8.260554,3,55635.0,590,43,34
-35.79922,-22.7322,0,33454.0,169,29,32
-38.89348,-8.1496315,0,30351.0,46,40,19
52.14834,-38.144886,0,5648.0,49,64,68
-41.06104,-17.75779,0,51381.5,19,31,11
-42.072277,1.694624,0,7500.0,61,38,59
36.540348,28.729702,2,63033.0,1102,55,82
0.8597902,21.331955,3,59354.0,310,62,53
-48.57889,-25.351976,0,17323.0,46,27,38
22.474981,-27.217487,1,82800.0,1315,68,23
-26.062693,-15.942449,0,41850.0,96,34,51
11.783912,31.113997,3,37760.0,317,68,20
18.128592,-20.319246,2,76995.0,1782,65,91
-60.053642,-12.609273,0,33812.0,133,29,86
-15.547447,-12.4225025,0,37040.0,316,32,41
43.635563,-4.5293107,2,2447.0,1730,35,42
6.315121,-29.39332,3,58607.0,972,65,63
6.2254734,28.713543,3,65324.0,544,60,0
1.4471955,1.8450704,3,40689.0,444,63,69
-56.722298,2.5062945,0,18589.0,75,45,89
-12.875132,1.6447417,0,53359.0,257,38,4
28.938269,10.335173,2,51381.5,637,28,19
-47.00719,-20.87099,0,38360.0,131,25,26
26.16524,-13.67179,2,84618.0,1672,49,96
-48.71744,-25.78563,0,10979.0,30,25,34
-8.661681,30.903955,0,38620.0,318,51,56
4.5162287,-32.6961,0,40548.0,120,44,31
4.7054663,26.962273,3,46610.0,302,62,8
30.432602,27.185976,2,68657.0,1196,68,4
-27.542595,22.623987,0,49389.0,65,63,55
13.282771,7.6695566,3,67353.0,913,44,37
-25.16754,-19.938326,0,23718.0,81,38,76
-14.883776,31.411041,0,42429.0,67,41,99
48.076614,-28.488682,2,48948.0,902,71,53
36.139656,10.476242,2,80011.0,1395,34,3
-58.30646,-15.608454,0,20559.0,53,29,88
-15.175485,42.68324,0,21994.0,22,57,4
-9.877259,32.487755,0,51381.5,186,55,80
-34.939693,-8.846413,0,7500.0,31,39,19
44.68845,14.054614,2,79941.0,984,38,72
-35.683308,-25.354307,0,7500.0,122,18,24
-51.68521,1.374144,0,41728.0,55,46,92
-23.976143,17.505743,0,51381.5,124,63,96
3.846745,-4.621797,3,72550.0,1319,60,39
5.582132,33.886032,3,65486.0,507,57,29
34.67087,18.540804,2,79143.0,1693,50,2
-46.688015,-8.69553,0,35790.0,72,37,54
38.797897,-28.431293,1,82582.0,1617,37,54
-3.4856427,-7.751943,3,66373.0,606,36,57
29.682419,-21.469862,2,82384.0,1957,59,55
38.72808,11.250427,2,70287.0,1093,48,30
-47.272057,-20.697775,0,27938.0,29,26,31
-50.24213,-13.068773,0,51381.5,46,32,57
5.599281,14.29139,3,55954.0,518,46,63
19.986715,-32.912037,1,75777.0,1438,32,12
-0.61971396,10.1501465,3,66653.0,612,39,18
17.847918,15.483967,3,61823.0,884,62,26
6.5748672,28.759449,3,67680.0,606,63,8
32.11076,26.399445,2,70666.0,1076,66,29
-50.970486,-1.4973438,0,25721.0,34,43,75
-38.165573,26.081081,0,32474.0,11,47,0
39.985325,-25.52859,1,88194.0,1274,35,19
21.835945,24.070837,3,69096.0,653,56,4
8.735033,-2.7677681,3,74854.0,1562,44,90
30.61993,29.099228,2,66991.0,1253,60,1
-31.220724,-11.03307,0,51381.5,109,41,25
20.983847,12.231345,3,65031.0,863,55,29
4.2462544,-25.193403,3,60631.0,661,39,88
-10.812464,41.513714,0,28332.0,65,62,58
-50.62983,-4.984855,0,40246.0,13,37,68
41.038002,8.576572,2,75251.0,1890,42,34
43.471355,-25.587385,2,75825.0,2209,38,40
-14.25984,-44.096954,0,26326.0,18,38,12
53.530487,-29.777706,3,56046.0,692,49,9
-24.740282,-23.105278,0,29760.0,165,29,87
-37.12461,-7.35985,0,26304.0,16,45,5
-50.85573,3.0201225,0,23559.0,79,41,87
-8.661671,30.903954,0,38620.0,318,51,56
44.22812,4.57195,2,81361.0,778,27,18
-27.921944,16.008383,0,29440.0,56,54,95
0.898641,-29.341278,0,36138.0,151,44,48
11.734771,-32.19031,3,50388.0,372,57,3
30.29266,-17.62118,2,79593.0,1366,41,70
-11.951642,31.5479,0,54178.0,194,47,79
2.6520498,-6.1196604,3,51381.5,603,57,4
-30.976894,20.98829,0,51381.5,18,57,45
41.47807,21.216671,2,51381.5,985,41,87
-48.68918,-2.6946776,0,42394.0,32,42,69
-49.771336,3.8665435,0,23626.0,43,44,84
-42.60037,-16.859215,0,30096.0,45,31,30
5.6651793,-27.706118,3,47916.0,606,54,72
-24.528786,2.4609094,0,51813.0,63,42,37
25.2833,-20.010382,2,78497.0,978,63,44
-14.091128,-11.1654,0,50150.0,410,31,32
-5.633467,27.42249,0,47823.0,72,54,0
-13.542305,38.91447,0,34554.0,55,55,43
31.132189,13.795158,2,85693.0,1169,35,59
33.87768,25.29158,2,65846.0,1120,69,68
42.572063,27.983294,2,87195.0,1097,55,35
-58.24485,-6.4753137,0,24594.0,29,35,94
-17.246067,3.3699455,0,49096.0,187,50,15
20.121983,11.738957,3,52413.0,910,45,56
-36.22349,-15.186551,0,38557.0,145,36,17
28.883305,28.581585,2,89058.0,850,54,18
34.67794,4.1894107,2,77298.0,969,35,46
13.365572,-26.380508,1,68126.0,1820,23,40
7.9481015,-30.622105,3,57288.0,608,51,27
17.492443,-32.91016,1,86037.0,730,23,95
-10.101584,-10.5410185,3,43974.0,551,34,19
-34.974945,23.727736,0,50785.0,114,52,27
29.088968,-28.352978,1,90765.0,1724,44,25
-9.011875,-15.229242,3,36550.0,577,36,74
-31.170256,12.535996,0,30753.0,81,47,85
-41.63657,-3.9422414,0,21918.0,33,45,37
13.949755,18.503567,3,56129.0,660,61,65
-32.963295,-5.9967294,0,32557.0,80,47,13
-55.340794,-17.563972,0,19510.0,30,29,63
-53.99293,-3.8225534,0,30992.0,43,38,83
25.222574,-33.03582,1,101970.0,1135,31,69
39.540062,21.26512,2,71488.0,559,49,87
43.909203,12.09284,2,79607.0,1923,30,37
-27.620647,23.435928,0,54348.0,90,61,51
2.161026,26.041037,3,51381.5,404,53,23
8.089836,17.313225,3,77376.0,661,58,72
19.097815,25.90731,3,62998.0,463,62,10
0.98434985,0.2988068,3,61331.0,632,56,42
33.022217,8.779339,2,73448.0,725,45,10
20.334763,16.757904,3,51381.5,725,51,96
-7.825461,-3.0171118,0,41551.0,279,50,51
13.714968,-24.292929,2,62981.0,1482,47,21
-43.075455,-13.213503,0,9548.0,29,38,31
-24.061886,11.289175,0,33762.0,106,55,61
55.10399,-39.70414,0,35860.0,49,41,37
-31.202946,15.589234,0,36921.0,38,49,74
44.812508,3.2298288,2,92859.0,2077,22,46
-1.3790706,11.045739,3,65104.0,1053,38,4
43.976685,24.695587,2,86111.0,1385,52,73
14.068304,8.590343,3,68352.0,871,40,47
-33.18598,-24.761555,0,41883.0,312,26,13
1.2690166,9.828852,3,59809.0,877,38,36
-46.0992,-6.4979877,0,23957.0,68,39,47
-14.285177,-43.775227,0,38547.0,22,33,49
-6.813763,-8.51865,0,35688.0,211,41,94
-10.671523,31.689945,0,49605.0,127,48,65
2.6122916,36.680084,3,59354.0,459,61,59
4.660943,-27.46972,3,65747.0,460,45,96
-4.5809264,7.8081503,3,46344.0,429,42,28
-36.14399,-20.186771,0,34176.0,89,26,12
9.965544,18.94023,3,61010.0,1021,62,57
18.240587,-30.419104,1,69372.0,1381,65,10
0.23649989,26.87226,3,49967.0,306,56,4
-30.247395,5.9747066,0,60199.0,18,36,49
-11.643362,24.697905,0,55375.0,162,37,3
38.602833,26.613676,2,80317.0,1231,59,64
-38.22966,28.697102,0,30523.0,13,56,0
22.292158,20.25739,3,70356.0,1706,69,20
-24.640652,-22.966974,0,23228.0,121,30,91
37.80807,3.4454465,2,74165.0,1293,39,9
43.669834,-4.45188,2,157243.0,1608,41,98
-27.957283,11.309541,0,43482.0,88,48,83
47.97146,-29.225765,3,62551.0,421,61,27
3.9542167,-32.026012,3,52332.0,259,55,63
45.571083,11.820154,2,66951.0,1117,26,46
-25.65167,17.04171,0,26091.0,89,57,84
-32.758663,17.233055,0,33456.0,36,49,58
-53.363216,-11.18159,0,28718.0,57,32,78
-32.561832,-6.5154123,0,50447.0,148,44,4
-35.915886,24.037197,0,53537.0,93,55,17
52.572712,-40.245552,0,52074.0,119,47,77
20.07497,4.9272037,2,80427.0,1835,39,56
20.658447,-26.697172,1,83837.0,1318,66,79
-31.922972,12.69535,0,38853.0,45,44,90
-28.053804,18.353998,0,38285.0,10,55,96
25.283152,-20.010323,2,78497.0,978,63,44
-13.477037,29.474838,0,51650.0,191,38,81
-58.48035,-14.526436,0,16248.0,57,26,77
24.48848,22.702026,2,66835.0,1033,68,21
-41.476635,-17.741217,0,30477.0,66,30,16
-19.07582,37.202034,0,28249.0,43,53,80
-47.197838,-15.922323,0,25271.0,50,31,45
-14.412535,34.88935,0,32303.0,39,44,63
9.863322,21.58451,3,61286.0,608,48,34
41.49062,7.4893603,2,74068.0,1581,38,14
-35.961533,25.268013,0,45759.0,68,50,13
58.94732,-40.199184,0,24882.0,80,36,52
50.23554,12.252571,2,66973.0,1282,25,98
-13.00243,-45.88069,0,36640.0,65,114,99
-59.47749,-15.188225,0,38872.0,91,26,93
-10.054064,-1.4993203,0,51148.0,315,41,38
-27.357426,0.84731597,0,31353.0,31,37,24
9.964408,9.899204,2,69661.0,834,34,80
24.830719,-15.4213915,2,80067.0,1600,60,82
32.942707,28.812658,2,86718.0,1270,60,20
53.27727,-35.72893,0,46854.0,263,41,81
6.9874473,-29.508749,3,69142.0,535,62,50
42.955654,14.928621,2,75922.0,1295,46,60
20.417759,3.7139812,2,63693.0,1150,36,63
25.631844,-33.335022,1,102160.0,1240,37,54
-31.670834,15.785561,0,40637.0,38,49,72
57.69698,-43.263462,0,18890.0,35,30,5
61.236168,-39.81111,0,29604.0,53,26,88
-5.985959,-1.9660152,3,48721.0,293,51,50
-13.150813,33.599968,0,44794.0,65,48,99
50.058815,-26.630985,3,64497.0,1804,60,17
3.2870133,29.501686,3,46097.0,241,58,11
28.018454,30.350359,2,77972.0,1101,60,18
-5.384743,-4.683448,3,44377.0,264,46,70
0.15050979,-6.303582,3,46014.0,541,40,21
46.862106,12.041125,2,70951.0,1198,29,66
-8.912271,-12.837557,3,41443.0,482,37,79
-29.3935,-1.5201185,0,52195.0,17,36,2
19.620443,-28.96414,1,83790.0,1615,66,81
-1.0902985,28.138525,3,44551.0,285,60,24
22.500341,3.8241196,3,69508.0,1135,34,48
-59.675785,-9.736749,0,45204.0,114,26,93
42.332348,21.580921,2,72460.0,1047,45,56
8.603206,29.229946,3,77622.0,714,44,3
-26.79508,-16.241291,0,30732.0,185,34,44
15.55056,3.7862842,3,63887.0,1245,52,38
-26.884726,-15.967145,0,42011.0,189,36,46
6.232534,9.646335,3,51369.0,576,38,84
7.858751,23.954609,3,51537.0,1103,62,27
45.31285,21.540318,2,79930.0,1753,42,72
-54.4189,-15.113252,0,34320.0,17,28,66
-1.0474851,-5.4953213,3,37070.0,433,48,30
23.444212,-20.777285,2,81975.0,1588,52,2
-47.575966,-2.15044,0,38590.0,22,43,65
-12.104237,42.777737,0,15033.0,19,63,37
12.392293,10.587223,3,62745.0,1117,49,89
-46.00375,-7.933138,0,22212.0,69,39,49
-46.098248,-15.894031,0,23661.0,23,32,46
6.8882437,33.738186,3,79761.0,605,56,32
-29.422674,-16.813854,0,7500.0,57,41,54
-7.155866,42.41088,3,60182.0,22,121,23
36.374332,-15.065908,2,73455.0,2088,46,98
35.098793,24.230932,2,64961.0,1009,56,97
-48.920303,0.26455286,0,22804.0,26,43,75
33.936905,-18.643091,2,73687.0,1627,24,8
14.248353,3.0720859,3,61074.0,1102,56,37
-34.79013,22.947348,0,31686.0,17,50,31
23.4691,-34.49462,1,80134.0,1690,42,40
23.332382,17.940535,3,75027.0,1390,61,74
48.988014,14.25353,2,67546.0,2126,26,90
26.905546,13.403262,2,65176.0,1531,45,57
-47.06058,-8.429114,0,31160.0,64,39,59
-50.350002,-15.126026,0,29938.0,26,29,52
12.309562,-51.904022,1,102692.0,1112,40,5
-10.2886095,36.4638,0,26490.0,210,56,92
9.032421,-2.2231517,3,75702.0,1148,47,77
-41.487835,-5.395875,0,30899.0,33,40,35
7.8989344,-28.31722,3,63342.0,1101,53,48
-5.694652,33.208656,3,45989.0,322,50,97
-27.569073,13.644224,0,18701.0,44,50,95
-37.833153,29.334723,0,40737.0,17,57,24
59.73202,-39.855694,0,15287.0,31,35,60
12.251978,6.6629815,3,69674.0,845,46,46
-20.672506,-12.616107,0,44159.0,275,44,85
-43.77164,-14.078363,0,37717.0,25,36,31
-15.257628,9.220971,3,43776.0,275,62,9
-18.584702,1.4249358,0,38179.0,90,48,30
44.881264,-25.862246,2,80124.0,1495,51,47
53.392086,-36.680298,0,38097.0,184,44,70
39.003212,13.952659,2,72940.0,981,44,13
-33.686802,-7.023416,0,22070.0,67,44,11
32.11362,25.756098,2,69267.0,1635,61,31
-13.740593,-43.44661,0,31788.0,60,31,15
-8.957167,20.114317,0,61905.0,231,39,2
-30.043022,24.36467,0,29315.0,48,54,55
-32.869217,23.832275,0,33378.0,99,51,38
9.79905,15.428712,3,66313.0,770,51,86
31.869806,15.985423,2,60714.0,957,58,56
42.56774,9.834115,2,77882.0,818,33,29
30.857382,-15.058003,2,69867.0,925,28,30
12.497629,13.57973,3,63841.0,908,46,64
-31.160975,-18.73861,0,24480.0,102,33,46
6.232534,9.646335,3,51369.0,576,38,84
11.783912,31.113997,3,37760.0,317,68,20
0.55116755,15.121946,3,65640.0,461,40,74
-23.790434,4.702292,0,44319.0,37,39,18
-53.20589,-5.0855308,0,30631.0,70,40,75
30.335472,24.256054,2,75278.0,930,62,17
6.897895,-4.2645583,3,50898.0,859,58,88
41.216553,14.583793,2,79946.0,1478,48,19
0.89689595,23.03736,3,35416.0,390,65,62
57.826263,-43.244392,0,32414.0,52,30,11
-48.8566,4.210084,0,38361.0,137,45,74
33.20922,-18.314074,2,82497.0,1919,34,32
-22.809067,-20.063578,0,16626.0,68,43,76
-37.72334,26.293182,0,29672.0,25,49,6
15.086993,-49.38407,1,55951.0,1374,62,62
-42.360813,-19.430506,0,35388.0,32,26,20
-39.189278,-23.37938,0,42386.0,100,28,43
49.23982,5.280366,2,68627.0,825,32,45
9.20088,-27.782522,3,57912.0,916,49,34
-29.60475,24.879267,0,35246.0,62,56,53
8.878634,21.590342,3,58821.0,728,58,44
-58.213974,-5.3218303,0,46377.0,90,36,89
-32.342365,-23.622633,0,39747.0,273,26,43
-27.916555,-20.979517,0,23976.0,66,30,68
28.958374,-22.73801,2,80950.0,1213,53,44
-21.674553,36.124317,0,27038.0,107,48,64
23.435143,-13.896421,2,77457.0,1157,67,85
4.8923054,-28.614027,3,64100.0,546,50,93
-49.05993,-28.900438,0,42670.0,241,22,12
-24.218061,-20.067783,0,12571.0,53,38,86
-24.95779,-0.6578476,0,22574.0,37,47,28
26.233004,-30.667276,1,51381.5,1611,25,69
41.332596,5.647282,2,70893.0,1508,38,42
-10.174938,1.8881401,0,54198.0,235,48,13
-26.3395,18.485533,0,28839.0,32,58,86
-22.017786,-1.8404003,0,40321.0,102,42,59
-14.093369,-10.443624,0,66503.0,401,29,30
-32.015068,29.556915,0,30833.0,28,63,33
13.248955,-30.588085,1,51381.5,1052,44,67
16.09017,7.673236,3,64795.0,680,43,23
-52.86917,-3.0461895,0,34421.0,30,40,81
-37.487843,26.119316,0,47025.0,20,49,6
18.704542,11.677006,3,64325.0,1307,53,41
2.0860746,2.1860075,3,40464.0,630,61,78
26.822828,24.575329,2,62187.0,1283,57,49
-31.095331,-16.683115,0,14849.0,65,38,39
-41.089962,-18.785418,0,27255.0,37,30,3
-30.701841,29.812117,0,54432.0,38,64,37
-35.647903,-20.62617,0,29999.0,160,28,22
-55.255535,-13.180716,0,24072.0,23,31,79
-52.330597,-24.35929,0,33996.0,71,25,46
9.866608,17.836678,3,66334.0,1161,58,82
56.101543,-41.78001,0,35178.0,59,43,10
-48.02574,-15.087371,0,22010.0,33,31,51
25.882732,21.864265,2,62204.0,946,54,38
25.7176,-34.40451,1,75693.0,1442,46,10
-37.419983,-7.8692813,0,30675.0,62,42,14
22.149508,-18.32072,2,83003.0,1674,49,18
26.312307,-23.164131,2,83532.0,1853,115,36
49.674343,10.104154,2,68655.0,1538,26,95
-48.10944,-28.395508,0,41411.0,139,28,11
15.302933,-49.70775,1,55212.0,1182,45,65
2.0435178,37.100338,3,59292.0,507,64,71
56.643425,-41.816326,0,27190.0,18,41,13
36.056175,30.260612,2,82623.0,940,62,58
-32.14454,16.807589,0,44300.0,42,49,65
39.477932,14.312609,2,84835.0,1190,44,0
-23.769228,1.7708501,0,30372.0,44,43,33
60.62406,-39.336834,0,33181.0,16,38,90
15.513011,20.307016,3,71113.0,835,57,95
40.714504,-26.550797,1,71952.0,1443,28,93
24.011042,29.441748,2,69759.0,1029,48,38
39.319725,7.0507207,2,72099.0,1188,40,18
10.65515,6.3721957,3,60000.0,1277,38,57
-13.622692,-43.852837,0,38643.0,49,36,45
3.2194254,-31.881243,0,50737.0,99,59,61
40.06936,10.834093,2,68462.0,1670,45,6
-12.308039,-44.81226,3,65073.0,900,71,65
3.5535676,37.042522,3,46681.0,425,66,52
30.300495,-21.590927,2,78618.0,2153,57,87
3.2540812,14.152325,3,62187.0,636,45,38
-45.55205,-10.560077,0,28442.0,57,36,53
-43.771664,-14.078349,0,37717.0,25,36,31
-3.192277,-4.818908,3,51479.0,494,47,67
11.84441,14.310795,3,54803.0,693,45,65
44.69235,24.263273,2,79530.0,1348,54,64
-53.78498,-5.753576,0,31615.0,51,38,82
36.092117,14.974554,2,72025.0,1932,52,27
3.5791233,12.09998,3,52614.0,990,39,63
-53.0519,-14.727151,0,35684.0,30,30,66
-8.411017,-5.1771936,0,48178.0,254,39,69
56.52757,-40.261093,0,29548.0,29,44,52
9.064908,-27.145176,3,63810.0,1371,48,45
-20.161495,4.8548603,0,38578.0,73,42,2
-18.014782,-5.9986944,0,46098.0,120,39,86
54.859997,-42.31746,0,22585.0,81,44,23
-41.981888,-20.132004,0,30279.0,37,25,13
20.865969,20.921524,3,66426.0,1377,53,14
-52.15392,-0.11663311,0,30822.0,51,45,92
-33.73141,-2.1008904,0,33581.0,17,45,38
-55.002457,-14.287609,0,19986.0,22,29,74
11.887355,30.469473,3,27421.0,324,60,14
-6.8136454,-8.518487,0,35688.0,211,41,94
-42.04757,-11.0206175,0,36143.0,19,33,33
-40.58812,-4.3776684,0,10245.0,41,43,32
7.508321,-31.802704,3,43795.0,492,46,11
23.184769,15.209861,2,63381.0,1005,54,78
-8.551326,41.316296,0,38823.0,114,65,56
9.450393,7.969061,3,83664.0,1173,46,57
32.91381,-17.186966,2,90300.0,1738,35,7
-10.521459,10.963384,0,62499.0,222,35,0
46.679165,11.162037,2,74293.0,1127,21,66
-6.85102,38.911285,0,51012.0,209,68,86
10.010969,14.577965,3,70777.0,787,46,80
45.387367,3.5476284,2,68682.0,1598,23,56
-18.21202,2.932468,0,43824.0,186,43,18
-48.07089,-15.638073,0,15345.0,47,30,51
-55.33483,-14.995465,0,23442.0,27,27,71
-25.130514,-20.716156,0,14515.0,96,34,71
-24.910706,16.46083,0,31395.0,64,58,80
33.481506,9.555025,2,75276.0,1040,49,2
-19.109179,-5.9713125,0,42373.0,163,40,83
12.215078,29.537542,0,30507.0,343,54,29
3.9159422,-10.743015,3,55521.0,446,59,11
-32.48071,18.320448,0,48006.0,41,49,55
-31.869152,-11.064804,0,27213.0,70,42,19
-13.316103,2.6771564,0,65808.0,272,43,1
-38.893463,-8.149649,0,30351.0,46,40,19
3.8452697,24.968166,3,50437.0,490,51,28
-26.983997,-21.883501,0,23616.0,79,32,76
27.773247,3.7899842,2,53858.0,915,38,50
14.387675,-20.465456,3,66465.0,1485,59,1
-13.378885,-16.147316,0,46923.0,369,27,90
14.0382595,20.598806,3,75072.0,1073,52,83
40.68135,27.085445,2,75865.0,1242,71,73
57.19577,-40.336517,0,19789.0,78,39,24
13.05556,-51.757023,1,80134.0,1378,20,11
30.66921,-27.437246,1,91065.0,1474,33,33
0.897553,-6.131069,3,49505.0,751,43,4
-34.94257,-8.022504,0,37401.0,48,41,14
-42.60037,-16.859215,0,30096.0,45,31,30
-55.0178,-13.021487,0,18492.0,10,32,75
19.955788,-32.30251,1,82584.0,1435,40,26
22.944931,-14.9159975,2,93027.0,2119,73,77
-34.28507,29.473183,0,48686.0,20,61,8
27.137297,-32.714508,1,92910.0,1795,28,42
21.074373,-34.616024,1,75433.0,1188,25,28
-51.288456,-17.458994,0,10404.0,43,25,52
33.34589,10.642572,2,61314.0,1008,46,1
12.448326,-51.273552,1,84865.0,1688,53,1
-10.358965,-13.765702,3,42387.0,684,25,42
7.118721,-4.674567,3,67309.0,1082,47,76
20.926744,19.704329,2,75236.0,1068,50,27
-36.088047,-5.2659082,0,30015.0,57,44,28
-11.83246,40.009586,0,50943.0,46,58,49
16.563288,8.391937,3,67272.0,733,48,12
0.9152149,27.636013,3,51529.0,467,65,14
-49.986004,3.9162104,0,32011.0,122,43,89
-58.76239,-16.114624,0,7500.0,36,28,96
-52.08326,-17.4172,0,28691.0,34,25,56
-4.929446,38.855007,3,56223.0,156,66,72
-13.064585,44.30391,0,18100.0,14,68,14
-41.981926,-20.132002,0,30279.0,37,25,13
-57.08947,1.7057725,0,20130.0,34,40,99
-19.837961,38.110332,0,23295.0,20,55,72
-21.34659,-14.856424,0,42618.0,192,42,92
38.17773,-28.912886,2,81246.0,1379,50,87
-35.208347,-10.845827,0,24027.0,48,38,7
0.83966756,37.79897,3,55707.0,428,61,91
16.120028,20.366787,3,57959.0,868,59,71
18.744728,8.463994,3,56796.0,1001,45,24
-35.160492,-5.925111,0,36230.0,59,43,17
-15.050776,-17.526808,3,70829.0,431,34,87
14.825254,7.691039,3,65991.0,971,38,21
-5.228104,-5.1040926,3,38988.0,348,42,90
30.23757,-26.813921,1,89572.0,2059,48,44
59.73292,-36.638676,0,42207.0,265,30,71
0.5772393,35.117565,3,50300.0,270,62,52
46.698963,13.083047,2,66664.0,1289,32,78
11.591222,-17.492443,3,60597.0,893,50,2
36.255985,30.766,2,70165.0,926,65,60
-3.9300368,28.139297,0,50520.0,135,56,25
44.881264,-25.862246,2,80124.0,1495,51,47
-29.975294,-14.923602,0,33183.0,120,39,46
43.143738,22.748585,2,66582.0,1288,45,83
19.333542,-30.607777,1,75261.0,1743,59,17
-37.451565,-6.991077,0,31880.0,15,44,13
6.0306015,19.88388,3,53790.0,542,63,86
7.3501306,11.256702,3,49269.0,890,43,92
29.12525,13.5993805,2,61456.0,1388,39,47
-41.05787,-15.654218,0,37406.0,17,34,18
4.418134,-24.590631,3,56937.0,906,33,81
-36.702335,10.239462,0,38415.0,44,36,91
-52.289783,-16.273018,0,20518.0,25,26,58
20.431263,13.158409,3,62503.0,973,58,40
-33.701916,10.087829,0,41644.0,31,42,67
-2.8219209,9.908836,3,55842.0,518,37,19
6.7904716,12.141534,3,62010.0,530,42,93
-8.726326,-11.743056,3,41124.0,506,37,41
-48.14925,-3.800357,0,38961.0,70,41,60
-47.275677,-4.337047,0,37760.0,54,42,54
57.0625,-36.442757,0,32233.0,296,40,26
0.9396828,10.922273,0,43057.0,266,39,30
38.871983,24.704836,2,83151.0,747,54,93
35.236595,19.514267,2,78825.0,895,50,35
-1.3791348,11.045715,3,65104.0,1053,38,4
8.52304,12.247457,3,60093.0,735,40,92
-38.429756,-5.9969177,0,14045.0,20,45,24
-9.995379,37.046535,0,28457.0,205,62,96
33.18949,19.93162,2,78952.0,2092,56,11
-20.258358,-15.514126,0,46310.0,309,38,99
26.594278,-20.166649,2,76005.0,1722,59,72
5.7448206,15.88908,3,58308.0,900,50,77
6.3790655,-28.545916,3,55614.0,682,70,85
9.117086,16.058157,3,59432.0,663,52,88
-11.474602,24.007233,0,55563.0,43,36,22
11.913005,10.963989,2,78642.0,1816,43,83
16.713736,21.24845,3,67911.0,976,65,63
22.155937,26.578491,3,65275.0,746,70,9
-25.090042,18.839727,0,27203.0,64,64,92
-16.034405,42.572636,0,48330.0,32,53,2
-35.141968,-26.787767,0,24279.0,263,24,6
23.30008,3.3285725,2,64355.0,1445,29,66
-11.83246,40.009586,0,50943.0,46,58,49
21.400684,19.274883,3,53653.0,1210,61,29
45.24844,18.862642,2,65665.0,945,38,77
49.07628,10.49326,2,81217.0,1157,25,77
-55.23463,-22.603039,0,34935.0,137,22,71
19.483213,12.14051,3,61250.0,730,55,49
60.201523,-37.243504,0,39665.0,216,33,97
35.10342,5.8408346,2,60152.0,943,35,6
3.931756,-28.500711,3,48920.0,347,50,93
25.53638,-15.1704,2,89120.0,1924,55,78
2.2078888,21.267199,3,44124.0,397,68,62
41.75168,5.3693676,2,81169.0,2089,39,47
-17.409126,4.7640553,0,36443.0,138,53,9
-56.39306,-15.218337,0,26095.0,42,24,77
26.242088,29.624638,2,71367.0,777,55,24
22.754175,-27.2708,1,80184.0,1902,70,19
-31.596441,16.15637,0,30630.0,52,49,67
42.689796,-26.626879,2,73454.0,1651,27,95
-15.404331,-11.32236,0,42691.0,358,23,48
18.726797,-29.510855,1,70503.0,1727,61,73
-34.407207,-22.353802,0,25545.0,210,27,35
-55.88874,-14.555979,0,32880.0,42,28,76
27.504953,30.612041,2,77863.0,1291,56,20
-0.6845762,15.999346,3,50353.0,442,37,72
36.060818,14.83385,2,61839.0,1895,50,20
-4.751383,-2.2117894,3,49154.0,411,54,69
26.652359,5.197208,3,47682.0,521,39,80
41.898457,23.631971,2,72679.0,1168,45,65
3.7547903,-25.002077,3,57954.0,493,37,52
-18.375584,17.630243,0,65316.0,260,52,65
-50.141777,-13.574844,0,28567.0,46,32,57
1.8537376,21.366983,3,47352.0,319,63,70
-9.350653,25.518204,0,44931.0,96,47,0
23.702133,-19.931046,2,76982.0,1062,47,19
0.6599481,35.0639,3,57247.0,232,62,50
-27.428358,-20.706423,0,22944.0,76,33,67
-30.551535,-16.961246,0,25315.0,54,37,46
-5.702055,21.755665,0,43638.0,201,45,37
-16.820269,-14.800021,0,42710.0,406,30,38
19.524681,-33.38472,1,84169.0,1919,32,9
30.809464,4.775166,2,54058.0,662,38,56
-59.114098,-13.532863,0,24683.0,41,24,98
45.176907,22.884844,2,85620.0,1600,50,68
-54.7729,-8.480219,0,47850.0,134,34,72
53.687946,-37.464546,0,19514.0,69,46,47
-25.937513,2.562505,0,27159.0,21,41,33
-28.49592,17.551655,0,39548.0,54,51,87
59.153408,-42.914154,0,21474.0,91,25,0
4.790912,12.858041,3,60504.0,526,43,73
-20.731958,36.32125,0,22419.0,162,51,74
31.313396,28.57151,2,81698.0,1008,65,4
-17.096771,11.616512,3,43462.0,240,62,50
28.567356,4.8580174,2,54880.0,795,36,57
33.16985,-17.826267,2,79908.0,1772,32,30
-39.251637,3.00218,0,15315.0,64,44,27
12.446141,-50.766266,1,87771.0,1957,55,61
-38.3157,-12.325677,0,33039.0,78,36,4
47.524467,13.261381,2,81741.0,1572,34,75
17.710571,7.2976904,3,71499.0,795,43,12
33.736565,12.525847,2,62466.0,889,44,13
2.866028,30.611057,3,48799.0,331,51,9
-0.5297512,34.674004,3,52157.0,265,64,48
8.913563,16.645208,3,66565.0,1065,52,80
-27.159765,21.583628,0,29298.0,11,63,60
-13.262696,22.56275,0,47691.0,21,35,43
-25.79328,4.2347126,0,38200.0,17,44,19
-4.9990797,7.8731036,3,44989.0,369,40,26
-33.319885,16.770208,0,38443.0,38,46,58
-28.193075,-15.587892,0,38593.0,177,36,42
-5.231811,19.944838,3,64413.0,279,44,27
-49.026028,-13.72662,0,36959.0,62,33,56
14.390101,-50.3467,1,61996.0,1230,37,27
-18.0922,3.5099945,0,51287.0,182,46,10
-20.099672,-1.460693,0,13260.0,49,44,48
-35.00266,22.114563,0,47472.0,75,48,39
-19.333645,13.156009,3,54603.0,227,58,85
0.899491,-29.267023,0,45207.0,215,40,64
1.4471698,1.8450844,3,40689.0,444,63,69
-33.439156,17.194654,0,47821.0,47,47,54
-10.6309595,43.16959,0,27450.0,143,63,57
-50.767754,-13.411025,0,39453.0,55,31,64
-21.437395,3.850729,0,26850.0,63,43,10
36.879353,-26.575544,1,79800.0,1867,59,65
15.837775,24.253592,3,61794.0,611,53,74
7.4486575,-30.862314,3,53863.0,473,59,4
-18.114967,37.398354,0,24221.0,55,55,94
-13.977234,-43.535805,0,39684.0,81,30,41
29.389038,-27.694864,1,92163.0,2086,39,25
42.502384,16.633484,2,69882.0,1478,49,94
-38.753098,-11.513494,0,33178.0,49,37,9
-1.7626412,16.328606,3,59973.0,382,42,47
-33.08382,-11.609537,0,17459.0,69,39,12
-51.21506,-0.35490683,0,23910.0,67,45,80
-24.937483,3.602298,0,42169.0,30,45,20
-33.346546,-16.305237,0,26224.0,63,36,39
-28.38164,-19.814333,0,31089.0,79,33,57
-13.994736,40.6401,0,30081.0,42,53,27
10.66185,16.926119,3,62807.0,819,54,83
39.35055,25.717035,2,72906.0,1151,59,79
6.1602373,20.296585,3,61467.0,594,66,69
-18.02146,-3.8907657,0,49618.0,129,48,77
-33.676765,-23.590162,0,21888.0,213,28,15
-14.883776,31.411041,0,42429.0,67,41,99
-31.428331,22.041422,0,26150.0,28,58,61
-11.234343,21.651226,0,30801.0,45,39,23
26.591524,-17.422977,2,81168.0,1193,49,84
-15.672604,28.377571,0,26877.0,268,45,74
-6.1890335,39.24914,3,45006.0,266,70,90
-43.988106,-5.111887,0,18978.0,37,41,41
-24.95778,-0.657872,0,22574.0,37,47,28
26.027212,7.8083587,2,48240.0,882,45,73
-7.337839,-6.006398,3,45837.0,373,40,88
-27.450302,11.581047,0,35791.0,35,49,94
-17.997194,25.822113,0,162397.0,107,38,31
-29.165648,5.080622,0,54162.0,42,36,31
3.2728393,30.06239,3,30522.0,326,54,6
2.2015808,26.053776,3,54456.0,404,53,23
-56.870968,2.334829,0,31632.0,95,43,92
18.948048,-29.877008,1,72298.0,939,65,52
-47.94407,-6.7098694,0,36975.0,33,36,50
25.751144,-19.274158,2,72635.0,981,59,54
-54.74912,-2.2070038,0,13624.0,36,38,93
32.30619,14.416669,2,84196.0,1237,39,56
17.49059,1.140228,2,70971.0,1825,54,28
-17.841038,-7.218023,0,34487.0,103,37,94
-24.680838,-19.131626,0,28769.0,191,37,76
22.240854,4.8231206,2,69084.0,1586,44,43
25.802288,29.79357,2,65488.0,963,56,46
33.736595,12.525867,2,62466.0,889,44,13
53.388237,-41.701508,0,32218.0,93,54,27
40.802376,9.710951,2,83917.0,1587,41,12
-38.36293,28.566748,0,46102.0,16,52,3
27.545115,17.95507,2,84574.0,1375,62,72
5.2421684,32.549683,3,56181.0,393,52,6
19.822119,13.452932,3,63120.0,1477,64,53
51.734444,-28.471817,2,73691.0,1179,43,58
23.184769,15.209861,2,63381.0,1005,54,78
41.38704,27.090054,2,76140.0,1348,66,57
17.36636,11.623021,3,62859.0,1307,55,37
52.917934,-30.550756,3,45906.0,486,50,20
20.036274,-28.553986,1,77632.0,2252,67,73
-8.763189,-4.2719107,0,46463.0,235,43,56
30.728783,-26.814186,1,105471.0,1724,44,36
-9.682897,11.806842,0,55282.0,235,44,9
19.223564,5.6178417,2,78710.0,1092,37,42
9.618296,24.027117,3,66886.0,599,56,28
20.823162,-17.115938,2,98777.0,2008,54,23
-47.24182,-16.99601,0,29103.0,48,29,38
19.453238,3.5724676,3,67445.0,1174,40,63
-4.3805466,39.755856,0,50616.0,67,64,71
0.3391618,27.33208,3,49431.0,365,59,9
-17.752531,26.316656,0,153924.0,6,39,81
-5.9023027,36.810177,0,61278.0,165,61,87
-10.288696,36.463833,0,26490.0,210,56,92
24.960617,21.212662,2,73059.0,1095,67,36
52.510487,-35.881454,0,46734.0,223,48,86
7.203388,15.372611,3,56253.0,597,51,83
-55.002457,-14.287609,0,19986.0,22,29,74
25.719282,10.192175,2,58330.0,1064,39,87
-40.447002,1.2104961,0,25965.0,74,34,29
-18.900251,38.143208,0,14661.0,26,58,88
-19.767717,37.712997,0,18690.0,60,55,77
-11.569373,22.212214,0,45068.0,20,40,25
-39.68543,-22.248161,0,21063.0,59,27,34
-43.334465,-3.1055439,0,29187.0,34,46,43
-20.701956,-8.930929,0,54690.0,198,43,76
23.338802,15.022921,2,59304.0,1048,50,81
6.7507343,17.832762,3,59247.0,574,52,87
32.76084,11.793161,2,66731.0,1029,44,33
31.861553,4.6008315,2,77353.0,670,34,38
3.579112,12.100109,3,52614.0,990,39,63
-33.462902,-2.384578,0,26751.0,11,40,26
13.5164175,-19.87666,3,81300.0,1241,51,17
48.95127,6.2890735,2,70337.0,576,35,75
57.61852,-37.825344,0,36145.0,172,29,13
37.82485,5.7310405,2,65295.0,664,34,19
15.049953,13.158402,3,68118.0,928,51,51
30.500433,13.752724,2,68743.0,2074,47,81
-13.599699,-12.5501585,3,41039.0,467,32,32
-5.5490355,35.974495,3,38946.0,257,59,84
42.491398,22.647308,2,65777.0,1146,47,87
8.582417,11.313231,3,66476.0,689,38,99
47.1441,17.335215,2,86857.0,2114,42,96
43.711678,-4.3444157,2,160803.0,1717,32,21
28.099947,-30.433653,1,77845.0,1346,25,40
38.46771,8.471564,2,69476.0,1044,45,3
3.6819787,-27.486397,3,50611.0,493,54,98
39.8151,20.991272,2,61209.0,957,44,73
-6.0261445,34.520386,3,42315.0,270,56,90
-12.725435,43.250496,0,13084.0,29,62,29
-34.05908,28.511301,0,47570.0,121,65,3
-4.2147555,37.573273,0,61923.0,126,53,94
-54.279133,-22.244915,0,34824.0,23,19,65
-31.725677,27.624117,0,26518.0,57,65,33
12.86987,27.641417,3,45938.0,636,53,46
22.79344,-20.721018,2,78468.0,1004,54,29
7.8445115,11.867231,3,78901.0,734,41,99
29.374207,1.2965944,2,71427.0,614,36,26
53.59238,-27.96607,3,71022.0,1453,36,30
23.395018,-33.195255,1,90247.0,1621,26,27
-29.61618,-10.10624,0,41335.0,187,46,24
40.714504,-26.550797,1,71952.0,1443,28,93
-42.22915,-8.578673,0,35682.0,57,44,34
4.2899756,19.95595,3,43185.0,637,63,88
49.81288,-30.380867,3,66375.0,948,66,96
56.101543,-41.78001,0,35178.0,59,43,10
-43.709766,-18.963118,0,25252.0,18,28,26
15.327249,10.628908,3,55250.0,903,49,49
-32.88242,-8.706891,0,33249.0,112,39,11
15.490234,25.419079,3,58398.0,596,61,44
-18.086224,-16.303524,0,50272.0,233,32,75
45.17351,13.751711,2,76618.0,1511,39,64
23.542961,-19.618048,2,87305.0,1152,54,19
-46.336147,-12.698744,0,25851.0,48,36,45
20.17052,1.7589742,2,58710.0,1185,44,77
-36.197903,27.419802,0,45160.0,21,56,9
7.683844,31.847612,3,74806.0,965,49,1
13.989189,16.051737,3,59111.0,869,60,90
-47.03541,-16.479876,0,18988.0,16,30,43
41.380333,16.540617,2,72190.0,1947,49,79
57.011368,-37.543343,0,7500.0,71,38,19
-13.150813,33.599964,0,44794.0,65,48,99
25.028595,-18.173395,2,80395.0,1380,59,62
42.330173,13.615836,2,75012.0,1027,38,41
-4.2838445,-4.222173,3,56962.0,411,49,60
33.54449,-13.269995,2,89891.0,836,23,17
-32.39484,30.636639,0,35946.0,11,65,24
-0.88863564,-2.4613085,3,53593.0,480,61,60
-3.4856427,-7.751943,3,66373.0,606,36,57
-17.722944,12.684493,3,45072.0,284,66,74
23.059769,-34.59933,1,89694.0,1472,41,22
22.83322,-30.529316,1,72025.0,1677,65,46
31.674522,14.73356,2,67432.0,1335,41,69
3.429546,34.002094,3,70545.0,334,62,29
-45.594173,-18.472618,0,17487.0,18,25,37
32.90258,10.5435505,2,62882.0,1338,45,26
18.86858,22.128183,3,64108.0,1099,61,8
-32.66872,25.7635,0,34941.0,97,58,26
-24.498224,21.881945,0,48767.0,63,64,79
-54.20765,-8.337946,0,38702.0,109,36,71
26.562021,-17.762756,2,82224.0,902,50,83
23.542059,-16.8979,2,83844.0,1574,62,57
-33.524666,-15.737098,0,17003.0,38,39,37
45.093353,5.6377854,2,71163.0,960,19,30
56.301186,-40.994354,0,33697.0,28,44,34
51.583023,-27.152243,2,63564.0,1215,60,0
45.90767,20.977448,2,83443.0,1497,42,89
-0.5414689,37.529255,3,51518.0,449,56,92
25.719315,10.192117,2,58330.0,1064,39,87
25.75652,-34.153206,1,80952.0,1757,45,20
46.99429,9.3752575,2,75507.0,1440,35,56
34.862633,6.4415073,2,63855.0,1006,36,28
9.871137,7.650061,3,62220.0,1226,42,55
16.216854,10.962129,3,58512.0,1171,50,25
-38.81628,-12.601927,0,40662.0,92,35,0
-7.6856804,36.700916,0,38829.0,99,55,86
-37.76885,-16.644999,0,35523.0,66,33,8
0.4536266,8.932453,3,79146.0,564,47,33
44.169235,8.256188,2,78285.0,1427,26,13
57.434277,-41.873592,0,31626.0,86,36,12
37.050335,25.416313,2,75127.0,833,62,92
-5.892408,35.833267,3,48726.0,242,59,90
41.436466,10.231987,2,74985.0,1869,37,8
35.434,8.469298,2,67430.0,1364,27,6
-10.029413,34.41459,0,46891.0,183,49,91
3.3954792,22.881428,3,62058.0,450,58,52
36.19564,4.8592305,2,72063.0,758,35,3
29.984646,19.250473,2,78939.0,1507,63,57
0.48051235,-4.97034,3,42720.0,654,49,9
-22.671597,2.8942606,0,33622.0,81,42,22
-24.865,31.608976,0,6835.0,137,57,76
-25.87787,19.284843,0,41452.0,16,61,86
-13.760147,35.787666,0,40760.0,93,49,64
41.833473,25.297348,2,74250.0,1158,56,90
-27.235125,19.97032,0,51124.0,43,59,79
37.032974,16.683977,2,72258.0,1525,43,28
44.839172,20.392637,2,71466.0,1230,40,86
-29.318035,4.4493546,0,36283.0,29,38,42
-42.994495,-3.8725784,0,20587.0,25,44,39
-36.907192,-7.8767757,0,30467.0,24,42,8
-43.437412,-4.675446,0,31590.0,38,42,40
-39.321617,-19.785538,0,20425.0,57,28,5
-25.933668,13.647399,0,17144.0,47,54,96
54.318466,-29.046227,3,42564.0,813,46,28
56.41494,-32.845875,3,43783.0,629,36,22
-4.5252485,7.3040414,3,40780.0,377,38,30
36.722492,30.37746,2,62847.0,1612,69,45
22.208982,-30.256672,1,82017.0,729,57,58
52.71542,-41.319588,0,16813.0,50,64,49
-10.696857,-1.5172431,0,51267.0,270,36,37
-8.394016,34.743553,0,46524.0,177,53,70
4.835794,-32.443077,3,45183.0,315,52,33
11.742884,17.915962,3,70421.0,767,60,98
20.3543,9.764354,3,60161.0,1071,49,17
45.075573,16.227365,2,73926.0,1580,41,54
-29.760382,-12.402897,0,19329.0,60,46,39
6.758194,13.010623,3,61872.0,573,44,81
-27.420464,20.39402,0,46984.0,41,58,71
-27.133177,25.326637,0,34838.0,170,63,62
29.900414,25.04218,2,82716.0,1167,70,8
13.181979,-50.00866,1,48192.0,1526,56,76
5.5384054,6.5832195,3,49681.0,458,38,66
-12.590068,31.664968,0,56850.0,63,43,83
3.8435423,30.81843,3,55267.0,405,57,28
4.188838,-24.665403,3,59666.0,1027,42,87
37.135742,16.853779,2,72504.0,1478,42,43
-46.139378,-27.799078,0,26872.0,72,33,0
-34.823566,-10.349778,0,21359.0,48,42,1
38.00352,7.9506845,2,73170.0,726,39,1
16.158829,18.78895,3,52750.0,860,59,72
48.595352,11.887317,2,91820.0,1497,28,72
7.6323075,31.874311,3,65968.0,495,44,12
-36.266697,11.258385,0,30772.0,20,38,89
15.342255,29.254074,3,22507.0,570,60,67
11.022933,13.139999,3,65685.0,769,42,54
-42.587467,-13.468507,0,25804.0,55,36,34
28.248487,-29.852346,1,76412.0,1808,34,15
-43.93153,-6.060866,0,22063.0,55,42,43
16.464052,-49.842724,3,57091.0,577,53,0
-20.7322,36.321327,0,22419.0,162,51,74
12.446141,-50.766266,1,87771.0,1957,55,61
27.23446,14.308805,2,78353.0,1576,55,51
15.989926,-29.018053,1,93404.0,1616,60,97
-26.316175,15.581973,0,37859.0,36,52,75
38.196705,22.631155,2,80995.0,1482,56,83
-42.81456,-17.979786,0,16529.0,22,30,23
-34.09541,8.761322,0,55412.0,63,38,65
33.79184,-2.2106607,3,48789.0,680,22,94
3.6889453,15.318208,3,56575.0,542,47,42
-38.221104,-16.139036,0,25130.0,50,34,10
-31.318666,13.483942,0,35441.0,39,47,94
28.100643,15.498453,2,71391.0,1043,58,50
-17.112926,-13.191654,0,49494.0,385,42,46
50.75754,11.812737,2,81702.0,1633,34,98
-13.258427,22.581713,0,45889.0,46,34,42
53.358246,-28.890797,3,56628.0,761,37,30
-33.850464,28.519478,0,34026.0,76,64,11
-3.4636652,16.169594,3,40049.0,290,40,61
-36.14399,-20.186771,0,34176.0,89,26,12
-25.246584,-21.512722,0,19419.0,70,33,76
29.484291,29.718338,2,82504.0,1066,54,2
14.10465,-52.977905,1,81205.0,2009,44,43
45.411404,7.4940104,2,61618.0,1345,23,27
9.738112,18.3929,3,55284.0,764,58,60
-7.3466563,34.519325,0,49980.0,195,51,79
-23.270666,-22.00897,0,15072.0,53,34,96
-4.365998,9.4410305,3,49166.0,368,40,17
6.2255044,28.713297,3,65324.0,544,60,0
38.024727,-28.82889,1,82347.0,1853,57,38
54.13478,-39.782795,0,30843.0,35,48,43
11.464942,-32.511166,3,46374.0,446,40,1
29.960526,11.448272,2,60474.0,1180,35,25
-10.858006,22.692867,0,38576.0,41,41,2
-13.171287,-17.058533,3,55357.0,727,29,66
-33.673294,17.784967,0,37758.0,40,48,49
32.46494,-12.993648,2,85710.0,1062,25,5
-49.6401,1.1066219,0,23228.0,40,45,71
-8.2449,-2.870241,0,44602.0,292,45,35
-57.258503,-20.49832,0,7500.0,15,27,94
-12.166734,-15.968367,0,38683.0,341,25,80
-16.279814,-13.487361,0,49514.0,369,39,61
0.7414232,12.193297,3,57906.0,401,41,29
2.4961116,26.74455,3,43456.0,393,48,0
-55.43439,-17.46286,0,19485.0,10,28,80
-0.708012,14.325918,3,53172.0,486,36,54
-52.69851,-8.302525,0,30545.0,69,35,71
14.940409,-50.666355,1,70123.0,1727,31,27
10.580503,-24.638813,3,62450.0,995,55,61
-29.875698,-16.940773,0,21675.0,45,38,55
-26.088028,-15.052855,0,42395.0,182,33,35
32.401054,4.223885,2,61346.0,989,36,34
36.843197,-28.033712,1,80812.0,1677,61,95
-3.1315005,-5.467692,3,42835.0,595,43,64
-35.471577,-22.173977,0,39922.0,156,31,30
34.31435,19.597406,2,86424.0,1226,58,12
-23.645721,-21.343388,0,17117.0,128,36,96
56.89348,-38.630802,0,24762.0,86,42,16
-10.935381,21.343742,0,35797.0,68,39,16
-51.6531,-4.0253634,0,36627.0,16,39,78
-36.316704,9.117637,0,51111.0,55,33,83
47.1441,17.335165,2,86857.0,2114,42,96
45.37744,16.641125,2,82072.0,2018,44,67
-19.551647,12.802987,0,46231.0,263,61,87
-33.652462,24.65909,0,42243.0,55,55,34
0.07567889,-3.8325884,3,51195.0,564,52,46
37.215153,4.92159,2,68092.0,1281,36,7
59.559277,-38.85615,0,31814.0,83,41,73
-5.867087,-2.2504313,3,51390.0,353,49,54
50.154552,10.814521,2,76630.0,1003,31,93
-51.96207,-17.708078,0,26868.0,14,23,52
48.076614,-28.488682,2,48948.0,902,71,53
13.619505,13.168675,3,55260.0,1139,42,81
22.747217,22.829668,3,64090.0,797,58,8
29.718733,16.896656,2,78331.0,1638,56,97
-17.77865,-13.729411,0,37087.0,401,40,50
-34.498398,-23.524294,0,21846.0,84,28,38
38.617043,25.959753,2,81320.0,928,56,61
-5.9339924,21.58232,0,54137.0,203,44,46
40.99971,21.341608,2,66825.0,858,47,73
-3.223997,14.376313,3,57100.0,409,41,19
-9.74976,1.7263538,3,58917.0,282,45,10
46.77731,14.528617,2,85072.0,1423,37,94
23.266594,-19.726307,2,86429.0,1449,53,10
-42.322216,-4.306209,0,45684.0,28,43,37
-57.843777,-4.7147155,0,47889.0,67,40,94
-49.04012,-28.869406,0,45921.0,199,28,23
44.667793,23.4007,2,78420.0,1453,48,75
46.079723,4.4559283,2,75114.0,1253,22,40
14.499373,3.1361704,3,52278.0,1198,51,24
-32.06189,-9.211038,0,35641.0,178,42,11
33.60335,-15.779416,2,95529.0,1990,20,29
35.462734,27.274864,2,62820.0,976,60,51
40.43213,23.498001,2,73113.0,1001,54,86
19.524656,-33.384853,1,84169.0,1919,32,9
3.1505463,33.610302,3,42607.0,350,60,30
24.91897,-17.861275,2,74637.0,1650,60,73
17.989763,-50.198856,0,46015.0,46,59,25
48.0137,11.0358095,2,72354.0,1228,21,67
-49.6137,-2.0217206,0,39858.0,95,45,67
-26.460627,23.521437,0,34469.0,62,66,58
33.740505,-20.390417,2,83033.0,1761,28,82
-15.17783,-14.162251,0,24401.0,467,35,98
29.738373,-17.307318,2,77583.0,1149,36,93
36.269447,-14.856411,2,74116.0,2052,32,53
46.679165,11.162037,2,74293.0,1127,21,66
36.7223,4.088044,2,68397.0,1416,38,6
39.759823,5.4225316,2,79632.0,1113,40,42
-59.69056,-9.782534,0,46107.0,125,25,78
8.582542,-29.215775,3,64950.0,966,63,29
-56.80499,-15.363672,0,25443.0,32,25,82
37.050297,25.416754,2,75127.0,833,62,92
-49.881405,2.1352184,0,32892.0,46,43,78
30.635145,6.8197412,2,71796.0,960,43,54
14.993366,-20.646315,2,67536.0,1829,44,45
14.063387,10.036235,3,55239.0,779,43,59
-2.5923407,11.364851,3,60554.0,811,39,8
5.610733,-3.2214262,3,64831.0,1120,62,51
9.791678,20.880144,3,56067.0,725,52,51
30.251804,-15.514702,2,82025.0,1187,31,76
23.913147,-30.630306,1,94384.0,2302,61,62
-60.499256,-13.953044,0,14906.0,66,28,86
17.08172,-32.80585,1,51563.0,1250,27,60
31.225218,4.6122227,3,57937.0,683,32,56
-19.37249,-13.52767,0,68274.0,305,35,83
-57.838108,-5.291838,0,39771.0,50,37,92
-0.6672819,11.578197,3,67893.0,995,39,31
-57.081783,-6.062943,0,27922.0,41,35,80
55.120075,-38.750862,0,52190.0,77,38,39
-19.59185,2.8564217,0,44051.0,171,41,20
-34.74963,-0.8624965,0,42767.0,131,43,53
-35.573795,10.571475,0,46106.0,54,38,84
-20.139978,-2.91077,0,16927.0,53,38,50
19.73486,16.988913,3,59754.0,475,49,96
12.969468,18.950153,3,53700.0,694,62,94
-23.60134,4.732388,0,59041.0,96,41,25
2.5394206,22.989428,3,54237.0,361,57,48
25.162954,15.3214655,2,70647.0,1079,47,65
6.9691753,15.567822,3,52597.0,578,52,69
-33.659306,-6.6451826,0,41021.0,64,45,12
-20.31515,-7.635473,0,40233.0,149,39,84
-9.950923,-3.8794725,0,50183.0,231,34,47
20.707378,16.541105,3,54753.0,728,55,87
27.759977,-29.539984,1,92955.0,1778,41,35
-29.987022,-15.867873,0,33471.0,93,41,47
-44.980152,-4.41103,0,34596.0,23,40,48
-9.350094,-14.118473,3,44010.0,662,34,46
44.079723,9.068506,2,84219.0,1198,26,27
-23.674986,-0.93776053,0,40706.0,81,46,37
-14.140759,-43.226124,0,15716.0,92,26,8
10.004483,24.870848,3,59052.0,491,55,29
46.09679,17.784779,2,80573.0,1564,43,85
29.462816,31.016047,2,83715.0,926,52,2
24.862951,-14.38069,2,82576.0,1910,55,66
-4.2838445,-4.222173,3,56962.0,411,49,60
-27.242022,24.013803,0,35704.0,94,62,54
49.944347,-27.970371,3,53103.0,1085,60,70
-29.70436,20.232794,0,46779.0,23,54,55
-38.4282,-3.6138794,0,4861.0,6,49,20
-54.8681,-5.7668242,0,33462.0,54,35,78
20.417757,3.7135456,2,63693.0,1150,36,63
29.31252,-24.939253,1,80763.0,1415,64,17
1.0613562,12.50627,3,65352.0,405,40,43
41.608345,7.1153708,2,82170.0,1908,36,13
36.22331,-27.194866,1,75759.0,2486,45,46
45.899612,17.007858,2,79689.0,1315,38,65
-35.384018,27.88377,0,35340.0,45,58,1
12.10683,-51.157795,1,85683.0,1789,60,6
-42.15882,-4.7986364,0,24884.0,19,42,32
56.560856,-33.20387,3,42021.0,573,33,34
27.920176,1.0855749,2,64449.0,805,25,70
-25.582516,24.110481,0,64587.0,108,60,49
-54.279655,-22.2453,0,34824.0,23,19,65
31.799192,-14.225103,2,75437.0,1493,36,25
-25.651348,17.041662,0,26091.0,89,57,84
54.949196,-28.697897,2,52845.0,936,41,7
2.4938843,28.166382,3,46086.0,343,58,34
17.441587,-30.302248,1,78028.0,528,58,38
28.4914,-30.221054,1,95169.0,1901,27,1
56.37271,-31.989836,3,56337.0,724,33,25
-39.172752,-21.764116,0,22434.0,58,27,25
1.3545767,21.900612,3,36930.0,297,60,50
50.65868,-31.86698,3,36130.0,488,60,46
14.318676,20.339867,3,65569.0,859,61,96
23.541992,-16.897778,2,83844.0,1574,62,57
53.687984,-37.46452,0,19514.0,69,46,47
-32.222305,19.002249,0,36736.0,17,51,52
26.229897,-34.38284,1,77568.0,2194,35,30
-12.642728,31.252144,0,49187.0,116,38,63
-8.561477,-10.952266,0,30168.0,279,36,51
-6.3434763,25.7501,0,34053.0,103,46,14
-23.098879,3.8433588,0,38196.0,44,43,20
23.123714,32.08589,3,59412.0,406,63,56
30.186632,-19.28104,2,70924.0,1363,49,41
-11.170784,31.321642,0,54165.0,236,45,72
-36.804337,-9.128742,0,32300.0,39,41,1
-39.650185,1.9173652,0,20180.0,137,38,27
-49.29767,3.5294077,0,34961.0,79,41,77
-54.081993,-2.4091578,0,28440.0,63,40,87
10.458798,2.0537655,3,64504.0,1314,61,81
-15.188207,35.17885,0,33564.0,71,48,51
-52.90307,-7.2807784,0,17345.0,58,36,79
32.37871,10.187101,2,56320.0,702,47,11
58.975906,-39.84396,0,28647.0,94,36,54
-59.22819,-16.218323,0,15038.0,80,27,93
-15.678403,42.596333,0,32173.0,22,56,0
18.104807,3.5458477,3,68316.0,1211,50,54
31.636826,-18.453928,2,74538.0,1461,43,21
43.94047,15.71792,2,91700.0,1968,43,58
38.213776,8.583908,2,68695.0,1091,45,3
-55.161243,-2.2007647,0,31056.0,55,37,99
30.292658,-17.621183,2,79593.0,1366,41,70
-15.847667,-12.9922695,0,28071.0,313,34,65
-29.731499,25.36567,0,37334.0,62,56,44
-20.935343,4.3787627,0,46423.0,92,42,6
55.873978,-42.012814,0,37126.0,72,43,9
11.728915,18.491655,3,47703.0,655,61,95
49.75082,-29.493462,3,61180.0,704,55,70
-13.502967,-44.883923,0,38998.0,54,60,92
-4.7856956,-12.272516,0,8028.0,178,23,62
27.098858,-18.40745,2,76081.0,1033,52,85
-41.10867,-18.55787,0,34728.0,36,28,2
-5.886247,27.10863,0,33168.0,122,49,0
-11.767966,34.15041,0,33585.0,122,48,91
33.599373,20.122353,2,77037.0,1123,54,3
-10.011686,-14.588814,0,35196.0,497,30,68
4.787679,-26.57949,3,44529.0,691,48,98
30.186695,-19.281017,2,70924.0,1363,49,41
54.59366,-40.916386,0,28764.0,12,48,16
27.625107,17.9757,2,69098.0,2440,65,82
-25.254623,5.8368397,0,25959.0,56,44,1
-53.57799,-14.473691,0,27100.0,37,31,64
47.355854,4.0010376,2,70596.0,968,29,68
-12.438187,17.719105,0,42557.0,270,40,98
-2.3046305,30.092287,3,53312.0,278,63,32
38.835938,23.311079,2,72228.0,1250,62,87
49.410763,8.0832405,2,67605.0,938,27,84
3.916059,-10.72557,3,62845.0,1178,65,3
50.36787,-27.566404,3,65196.0,1155,56,34
32.3929,1.7413962,2,42000.0,653,27,23
55.10389,-39.704937,0,35860.0,49,41,37
7.2338786,32.88329,3,65526.0,506,50,22
-34.545353,25.419434,0,16860.0,38,53,19
39.5545,-27.956501,1,83528.0,1650,22,7
17.453964,1.1355222,2,64176.0,1826,49,52
-19.2997,38.436203,0,22304.0,18,58,91
-12.0307045,-43.253105,2,67023.0,906,36,93
-49.881405,2.1352184,0,32892.0,46,43,78
28.432379,14.751942,2,70713.0,1477,48,23
11.19162,17.742586,3,59925.0,766,59,83
-7.198255,37.39405,0,39722.0,47,61,92
11.605868,29.457918,3,46610.0,467,56,4
29.509361,-22.989786,2,88347.0,2116,53,32
39.84662,-25.492157,1,87171.0,1298,33,27
-27.721167,0.10002485,0,26907.0,22,38,10
-8.776714,11.582043,0,50014.0,396,46,9
-50.33708,-5.4056177,0,41014.0,20,36,65
36.669918,27.547981,2,66294.0,967,49,68
-12.509181,-0.08767802,0,36715.0,357,43,16
29.831831,28.618143,2,79456.0,1401,58,12
-58.807354,-7.6608977,0,40479.0,15,32,95
31.577944,-19.250051,2,75345.0,2087,44,16
12.4026785,5.1647696,3,54233.0,981,37,46
-25.559025,5.7182717,0,24163.0,17,44,3
12.613578,-50.2808,1,84460.0,523,56,80
-56.947968,-10.828809,0,43776.0,23,31,77
32.36332,29.560421,2,71691.0,1192,56,0
27.323849,-13.110316,2,85844.0,1958,41,62
-57.322052,-3.8857565,0,39190.0,133,40,91
26.242088,29.624638,2,71367.0,777,55,24
-20.161495,4.8548603,0,38578.0,73,42,2
-36.95154,22.670366,0,57236.0,121,49,22
-0.88949376,15.031468,3,61825.0,424,35,56
5.392149,35.57485,3,79803.0,868,56,54
48.84926,5.9965076,2,80910.0,756,28,71
-45.234287,-16.106743,0,27590.0,12,32,38
11.357652,9.30918,3,56775.0,937,35,62
36.190216,-28.733454,1,83829.0,1862,39,78
-3.5353372,13.262621,3,54210.0,367,35,18
-11.515306,-15.919584,0,38508.0,443,28,95
-21.22725,-11.705869,0,53187.0,267,44,66
-39.477592,-6.9178233,0,30023.0,61,42,28
25.635841,-17.19881,2,76045.0,1323,54,78
-15.459144,41.529003,0,50870.0,63,62,13
-39.251637,3.00218,0,15315.0,64,44,27
8.399497,-33.09611,3,65463.0,562,40,17
-5.6997967,-2.677275,3,66480.0,312,49,71
40.093918,25.788506,2,76773.0,1156,60,79
31.241016,-14.003499,2,81698.0,1104,31,1
-34.3204,10.7151165,0,54466.0,16,41,78
20.823156,-17.115911,2,98777.0,2008,54,23
-27.726284,-21.697723,0,16269.0,44,30,75
16.25864,-30.094433,1,71819.0,1574,43,70
58.23564,-42.32049,0,33569.0,63,31,10
58.747723,-34.837524,0,36262.0,426,31,24
-22.35294,35.866234,0,22634.0,96,48,47
6.573217,8.312349,3,47025.0,635,36,98
16.618956,7.760036,3,70566.0,757,46,4
-37.008385,-15.62316,0,31605.0,125,35,15
-7.859773,-5.515629,0,52034.0,332,41,67
-40.829826,-10.701342,0,48526.0,135,35,32
1.0616218,24.272636,3,46734.0,330,60,40
-3.6879969,-3.2563324,3,39552.0,384,52,54
9.083487,-2.0401645,3,86358.0,1722,48,78
-37.233604,9.215594,0,46931.0,78,37,94
-51.946247,-23.830744,0,16581.0,24,29,51
26.60513,23.798822,2,63998.0,1168,62,42
6.3521223,-29.161865,3,67381.0,957,63,67
-32.950706,13.653732,0,25930.0,15,47,87
-41.04347,-11.810501,0,42693.0,57,36,29
28.028845,-15.146046,2,85606.0,1956,38,89
25.10032,-32.92059,1,72903.0,2013,29,74
-19.982874,-14.972089,0,49669.0,326,40,97
-20.453825,-1.4218708,0,36778.0,77,46,63
43.26943,24.073689,2,85696.0,1313,52,88
-48.717426,-25.785606,0,10979.0,30,25,34
-2.959241,22.663794,3,49678.0,315,53,81
13.949779,18.503614,3,56129.0,660,61,65
-50.54481,-18.23459,0,37155.0,74,25,51
-53.773655,-6.4233813,0,21282.0,46,36,76
-13.37596,36.180553,0,33419.0,86,52,76
29.95125,19.928114,2,63285.0,1103,69,84
-45.267223,-9.750574,0,21255.0,61,40,56
58.046032,-40.764885,0,42162.0,145,33,31
2.5006971,-5.671429,3,54450.0,684,58,0
3.6047134,20.140848,3,57744.0,411,60,91
59.892998,-41.436825,0,26576.0,27,28,40
23.2688,18.944172,3,57513.0,1060,71,59
25.704382,12.78118,2,68142.0,1459,50,96
-42.650307,1.7338703,0,7500.0,18,35,61
32.386044,-16.938894,2,83145.0,1833,40,14
1.3818778,32.577545,3,54197.0,237,54,16
-27.01297,13.482124,0,23091.0,48,51,98
0.20456691,-6.5205193,3,46049.0,515,38,11
38.018585,14.102849,2,56715.0,1020,40,52
28.721504,29.65436,2,79410.0,1370,53,19
26.339708,20.809425,2,57304.0,1026,63,61
-7.362468,33.37919,3,44375.0,301,49,73
2.5006971,-5.671429,3,54450.0,684,58,0
4.998865,-28.844341,3,59594.0,499,49,74
46.378147,4.046276,2,80685.0,1004,20,55
-6.343428,21.421028,0,40344.0,218,40,48
2.953815,13.350694,3,62710.0,606,42,53
-10.231212,25.775423,0,48985.0,75,46,13
-18.428698,0.9963665,0,35322.0,106,46,34
33.758068,26.207924,2,77142.0,990,66,54
43.36658,20.929798,2,81657.0,1097,45,69
61.649418,-40.596684,0,14421.0,16,18,81
-57.08947,1.7057725,0,20130.0,34,40,99
44.461227,7.554957,2,74214.0,1711,24,3
3.274116,-29.007015,3,66726.0,438,57,61
-52.030636,-9.068656,0,23724.0,75,35,65
-6.442669,35.038895,3,47353.0,225,54,93
-32.96935,29.502687,0,33444.0,18,62,24
-2.4390812,12.808232,3,54386.0,470,33,8
-22.070244,-6.6298213,0,28510.0,91,33,72
34.11973,-16.81782,2,90638.0,2525,23,29
-12.615156,-44.455173,3,48070.0,504,64,33
-4.653666,35.23475,3,43140.0,235,57,68
7.9381576,-27.951454,3,54959.0,1232,53,55
-24.305325,15.73461,0,15056.0,88,56,76
-37.43617,-6.6199574,0,26954.0,17,43,17
-58.279533,-11.10632,0,22327.0,24,29,94
-30.120848,14.152664,0,44393.0,60,49,86
13.546799,-20.170174,3,62000.0,1020,62,25
-4.9513907,26.724058,0,31497.0,155,52,22
-9.711476,24.420918,0,45894.0,51,40,15
42.43229,14.338452,2,78579.0,1812,44,35
15.592352,-30.176756,1,67369.0,1461,45,81
-10.685793,39.357723,0,58401.0,96,54,55
-5.926705,37.50141,0,62307.0,160,62,94
-21.770828,0.52788323,0,43641.0,139,45,50
12.497764,13.579551,3,63841.0,908,46,64
-10.029413,34.41459,0,46891.0,183,49,91
8.481173,-32.9136,3,70091.0,1161,45,11
41.54725,21.78831,2,78075.0,988,42,72
34.557495,13.433953,2,59184.0,1072,53,6
-14.29142,3.5198233,0,54809.0,174,37,0
-11.824666,-44.156574,3,58113.0,758,55,66
-1.8944489,34.237595,0,51412.0,195,56,42
59.73202,-39.855694,0,15287.0,31,35,60
41.041355,25.663609,2,66636.0,1084,57,64
50.443676,-30.082914,3,50965.0,685,58,87
26.165401,-13.671978,2,84618.0,1672,49,96
-47.38606,-27.14425,0,18351.0,43,24,1
52.098087,-40.234623,0,40451.0,49,57,54
-13.052788,36.591034,0,36317.0,133,49,53
4.144709,-29.747723,3,42213.0,363,57,96
-12.057898,-44.391247,2,65748.0,545,59,58
52.533184,-27.121538,2,77044.0,1065,42,12
26.726595,-13.243107,2,74918.0,2047,45,78
-7.929244,-5.3266068,0,56721.0,296,42,64
-20.229982,2.660816,0,42160.0,140,39,26
6.0471296,32.438503,3,61559.0,530,49,8
-18.245615,-0.6651338,0,33629.0,152,51,49
45.38731,3.5477867,2,68682.0,1598,23,56
-13.59672,36.717846,0,34377.0,114,51,55
-34.89064,-23.821589,0,8940.0,101,28,25
-44.872505,-4.0261583,0,26228.0,25,41,50
26.409492,-18.738667,2,77297.0,789,57,84
56.50876,-39.177486,0,40211.0,87,33,30
-24.834053,16.308823,0,33438.0,90,56,81
15.082251,21.509403,3,75032.0,1215,55,74
6.7373443,-27.974125,3,61284.0,811,59,76
59.068184,-41.367317,0,22518.0,61,28,36
2.8862107,10.939339,3,54730.0,405,39,64
-29.370243,23.72713,0,38452.0,72,59,62
-8.625049,-3.7624598,0,44421.0,189,43,53
-58.02374,-10.774367,0,38197.0,40,28,86
-9.908466,20.597961,0,41986.0,63,36,15
-52.545353,-12.535884,0,28427.0,52,31,67
-47.469364,-6.104361,0,37395.0,39,38,47
26.556139,2.9094224,3,64722.0,805,43,47
-4.3303638,38.46992,0,55249.0,130,58,81
13.7356415,-50.929863,1,84906.0,1631,42,98
-52.08326,-17.4172,0,28691.0,34,25,56
-28.35569,25.379921,0,44213.0,152,62,48
-42.30527,-18.292429,0,25707.0,21,30,18
-29.459831,11.029506,0,59062.0,71,47,74
45.755096,-26.947065,2,76624.0,899,52,68
23.736658,32.337437,2,66000.0,711,67,36
-20.252886,-16.592686,0,27683.0,351,36,90
-4.6595964,-12.219931,0,1730.0,8,43,65
-30.456417,-24.20553,0,7500.0,119,22,63
-33.859352,11.833839,0,40521.0,21,46,82
-47.011993,-1.5526026,0,20427.0,10,41,63
9.75296,-27.141216,3,65106.0,973,39,55
25.532274,-29.109756,1,69969.0,1536,49,64
8.147662,-25.423048,3,67433.0,992,62,51
48.88947,-24.91377,2,77766.0,1529,47,97
26.312042,7.35283,2,74716.0,860,42,92
15.049932,13.159031,3,68118.0,928,51,51
-7.156353,-5.400241,3,55158.0,418,44,72
9.507304,23.671213,3,62972.0,587,59,39
31.114872,6.9073825,2,74190.0,641,39,49
55.58269,-40.572178,0,39356.0,23,38,21
29.52851,-26.641197,1,76653.0,2279,45,91
55.10297,-39.7059,0,35860.0,49,41,37
28.684906,-12.187721,2,90687.0,1779,31,98
40.14415,-26.358255,1,73450.0,1804,32,85
-32.110035,24.273666,0,31454.0,48,54,40
-34.475037,28.587656,0,47139.0,83,62,2
36.190216,-28.733454,1,83829.0,1862,39,78
1.0353669,-4.672664,3,53378.0,793,51,41
-51.54884,3.325223,0,19656.0,84,44,94
-2.2481096,29.112581,3,45579.0,183,66,10
42.110527,24.472202,2,85485.0,1383,56,73
9.390791,-30.164316,3,55956.0,999,70,22
20.986675,22.993334,3,64191.0,825,51,30
56.561134,-36.550697,0,38808.0,246,42,21
-0.4302531,-4.448849,3,57183.0,610,48,51
-51.66997,3.409639,0,23748.0,76,46,97
8.741991,-26.853289,3,66303.0,1286,43,56
56.65391,-42.39472,0,37368.0,30,39,4
-13.329793,-44.397873,0,40800.0,99,50,77
29.235096,-17.150131,2,71847.0,1192,36,95
1.491712,10.480863,3,46149.0,362,39,36
33.82055,-18.41682,2,78687.0,2130,31,13
14.274542,-49.173958,1,49118.0,1229,43,90
-31.10083,23.35348,0,37633.0,38,57,49
11.777082,30.087366,3,39767.0,485,63,18
15.40796,29.350325,3,26997.0,434,63,89
-43.2426,-3.7442627,0,33986.0,44,44,43
4.919324,-27.960947,3,57091.0,496,42,82
-31.407568,11.450514,0,46831.0,78,45,84
35.92614,-28.196466,1,83151.0,2346,42,80
27.828438,7.425986,2,52531.0,794,43,68
-13.636792,43.384468,0,15759.0,17,58,12
-48.920303,0.26455286,0,22804.0,26,43,75
-34.47696,-6.435078,0,43050.0,76,41,10
-36.414333,11.013621,0,42997.0,15,37,91
-36.414574,23.3537,0,48918.0,62,51,21
0.5595639,34.02128,3,60033.0,198,60,28
-55.284355,-2.1222348,0,34043.0,49,36,97
8.705242,-27.419027,3,57811.0,802,48,49
27.277136,-22.738317,2,78569.0,1736,68,14
-20.516317,5.7759333,0,7500.0,57,36,5
-17.9668,25.890812,0,157733.0,59,43,37
23.913147,-30.630306,1,94384.0,2302,61,62
-56.967014,-20.984097,0,23148.0,37,29,83
-8.110328,-3.5296361,0,44267.0,310,44,48
36.405148,-14.784402,2,71626.0,1305,35,94
10.864388,5.465869,3,60894.0,832,48,61
-6.343418,-6.351281,3,50200.0,401,38,70
19.325594,-31.571356,1,81051.0,1501,49,43
14.137111,-52.294716,1,65169.0,1189,32,23
15.229326,2.7586036,3,59868.0,1194,42,37
15.501174,24.77416,3,65695.0,656,54,50
37.13952,23.006819,2,64857.0,1540,58,78
-3.21109,22.202034,3,45143.0,311,49,74
30.777615,22.913143,2,74805.0,820,59,14
-16.750582,-16.586374,0,59060.0,274,25,77
-32.25642,24.240927,0,27238.0,57,52,39
5.313146,16.792942,3,47009.0,448,49,89
-34.794315,14.637585,0,46094.0,44,41,62
-22.017672,-1.8404099,0,40321.0,102,42,59
-56.789288,-10.376709,0,37235.0,61,30,68
34.407307,19.10854,2,81843.0,1643,54,13
1.8600789,23.948072,3,46692.0,397,56,37
22.067268,-18.224953,2,77382.0,1121,46,36
-13.307999,-42.720257,0,37774.0,473,37,28
-34.51992,-10.827256,0,18393.0,50,40,2
15.298504,3.5169482,3,72828.0,1678,52,17
-57.07703,-20.999575,0,24711.0,58,32,86
-47.94724,-9.672301,0,45503.0,170,39,54
-35.14091,-27.042444,0,6560.0,373,32,2
47.580235,-28.56229,2,71604.0,1196,69,3
-53.781525,-7.3608456,0,27244.0,101,35,84
-11.986242,0.43032482,3,48752.0,316,45,8
21.347525,-25.074274,1,71434.0,1400,52,4
37.94676,32.02691,2,90842.0,1424,66,57
23.371313,-34.67708,1,88097.0,844,36,24
-3.4127822,16.07735,3,51948.0,311,39,51
43.12189,9.968711,2,71853.0,1149,32,29
-47.50783,-28.41602,0,35876.0,129,31,13
-14.884833,41.57041,0,40049.0,32,62,23
-32.28399,-23.323927,0,39660.0,299,32,36
4.020258,-30.271656,3,50127.0,320,52,88
-3.9515226,9.260156,3,43263.0,441,37,2
3.916059,-10.72557,3,62845.0,1178,65,3
-48.07074,-26.999058,0,18929.0,85,24,15
-48.71272,-15.6766205,0,24367.0,24,32,58
-32.882397,-8.706862,0,33249.0,112,39,11
-13.997864,41.053707,0,26887.0,30,55,27
-14.09108,-11.165384,0,50150.0,410,31,32
10.126852,-28.10347,3,62061.0,800,38,12
43.269447,24.074041,2,85696.0,1313,52,88
43.12248,24.75249,2,76542.0,1483,58,91
44.89807,7.8275466,2,70515.0,1258,21,12
-43.306602,-19.409245,0,18227.0,28,27,21
1.8100673,31.357168,3,69139.0,227,49,23
32.492832,-14.139973,2,69109.0,1555,32,10
31.9798,12.077956,2,69627.0,861,52,35
59.611996,-38.867626,0,38136.0,103,36,69
33.740574,25.128193,3,62159.0,634,68,68
39.883335,30.461967,2,80695.0,1918,51,85
-22.494566,1.9213341,0,33316.0,131,43,34
-1.9575013,-4.4710813,3,58554.0,586,46,55
59.548183,-42.71325,0,17256.0,62,22,10
-1.2857617,-6.119371,3,53034.0,447,40,30
25.0916,21.967749,2,52203.0,939,64,36
7.508781,-32.893295,3,59601.0,797,37,14
34.531284,24.20935,2,75154.0,1143,56,79
2.3301282,11.282101,3,47025.0,415,38,52
-54.046383,-1.6419961,0,37971.0,30,41,97
-29.616198,-10.1062565,0,41335.0,187,46,24
1.5592686,32.51517,3,67267.0,251,56,0
-13.344965,29.36247,0,57338.0,237,39,96
-27.050236,16.94205,0,50523.0,91,54,89
-27.450191,11.580968,0,35791.0,35,49,94
3.6819787,-27.486397,3,50611.0,493,54,98
11.128009,5.5479164,3,56242.0,971,45,72
0.68803775,26.303688,3,48904.0,371,54,1
-8.809353,1.0401359,3,56243.0,396,39,26
58.630024,-42.518654,0,21355.0,68,29,5
6.6834664,-32.500664,3,57420.0,322,43,22
-4.9194403,19.799562,3,51381.5,317,44,39
-4.1494956,34.920174,0,46390.0,222,59,56
-23.533842,16.094248,0,54342.0,177,58,74
-27.117725,19.16647,0,51381.5,45,56,87
-32.672375,18.844435,0,51381.5,21,50,49
-39.20313,-7.7011003,0,20895.0,45,41,24
36.70579,-25.573023,1,92344.0,1899,66,9
-35.807205,-6.3767653,0,51381.5,42,42,17
-27.721146,0.1000037,0,26907.0,22,38,10
-27.810669,1.6914128,0,44964.0,41,34,35
46.994328,9.37525,2,75507.0,1440,35,56
-10.782445,1.1341896,3,53761.0,325,42,7
-45.476368,-9.324218,0,22682.0,95,41,51
-36.255695,-6.717297,0,38887.0,42,42,17
-28.595814,4.6176567,0,41658.0,72,39,30
-35.64628,-6.211658,0,29791.0,20,42,21
7.5176306,28.063261,3,63915.0,789,58,2
-35.533585,11.374549,0,39996.0,15,40,85
-48.734993,-3.3249178,0,26759.0,59,42,65
12.497764,13.579551,3,63841.0,908,46,64
-6.1255116,7.9763827,3,51039.0,417,45,11
-19.602493,14.396865,3,60544.0,289,53,92
11.022873,13.139959,3,65685.0,769,42,54
-2.357961,28.171814,0,37716.0,188,61,4
1.237213,23.083773,3,36864.0,354,57,53
-2.4349732,-7.7855935,3,44511.0,727,44,39
-19.222603,-0.9521279,0,36947.0,146,47,49
1.8535985,21.366941,3,47352.0,319,63,70
22.929586,23.791054,3,67087.0,794,61,40
3.2891076,35.621616,3,57045.0,454,64,40
-28.624485,26.855555,0,36957.0,152,61,43
16.940918,6.7370515,3,69389.0,797,37,17
23.4691,-34.49462,1,80134.0,1690,42,40
-33.257786,13.164606,0,43142.0,20,45,84
26.953823,-22.627314,2,80589.0,1428,70,25
-30.70429,-24.124613,0,34412.0,209,24,62
-14.4112215,-17.258999,3,57537.0,545,35,83
-22.352863,35.86632,0,22634.0,96,48,47
-1.4036298,40.152252,0,51315.0,222,66,45
-25.02961,-0.3648886,0,36026.0,61,42,34
-21.108257,4.852547,0,24639.0,44,41,3
-29.380959,-1.5087833,0,34578.0,8,42,1
40.201637,13.442235,2,65704.0,817,42,18
9.064908,-27.145176,3,63810.0,1371,48,45
-13.7981615,34.258266,0,54132.0,42,45,81
-19.767717,37.712997,0,18690.0,60,55,77
-31.24179,-10.762695,0,28164.0,78,44,23
-44.9801,-4.411106,0,34596.0,23,40,48
-47.14835,-2.6307383,0,43269.0,19,42,61
-30.121298,22.822926,0,38741.0,61,56,60
28.569574,6.337732,3,31907.0,449,42,75
-53.577984,-14.473714,0,27100.0,37,31,64
-46.96301,-4.330406,0,31163.0,38,41,54
26.843786,-30.019323,1,92533.0,1131,29,84
-32.775936,11.617958,0,34853.0,34,41,75
-11.240091,0.7822064,3,70844.0,294,47,16
59.82728,-38.44157,0,31086.0,48,35,79
-19.602312,14.396894,3,60544.0,289,53,92
-46.86204,-26.288755,0,20491.0,30,28,16
-10.407527,32.83421,0,42523.0,125,50,96
-35.4715,-22.173937,0,39922.0,156,31,30
-28.877714,24.048565,0,33402.0,70,62,60
-33.14662,30.225508,0,36408.0,22,65,11
-26.199034,-20.600454,0,21645.0,65,35,75
26.245008,-21.275894,2,78427.0,1930,66,36
30.113432,-25.165726,1,82657.0,2283,68,71
-9.097497,32.268482,3,51876.0,310,56,88
44.78223,20.442163,2,78041.0,1319,43,93
50.346622,-29.626368,3,52852.0,879,57,93
47.1695,7.6395636,2,70038.0,1244,32,54
0.18269245,13.090568,3,69401.0,690,41,41
-22.849394,-11.811996,0,46053.0,209,42,46
39.653645,11.35359,2,77343.0,1134,49,28
42.68552,27.6766,2,73892.0,1507,61,40
-51.19469,0.121978514,0,40304.0,57,47,82
12.667651,28.146193,3,32727.0,529,49,38
38.213623,8.584059,2,68695.0,1091,45,3
-14.362163,28.142239,0,43300.0,180,43,87
-21.370956,-0.70686203,0,26290.0,77,42,49
26.457312,-33.18612,1,93790.0,2349,44,16
28.58046,5.8214455,2,38410.0,534,40,65
7.6033287,-30.210213,3,64866.0,556,64,9
-12.252863,-43.95453,3,57957.0,637,55,24
17.989763,-50.198856,0,46015.0,46,59,25
-31.132553,-17.05956,0,16531.0,44,36,43
-41.6716,-19.133423,0,28072.0,47,28,10
22.089853,22.139044,3,49476.0,795,51,29
6.523421,23.19315,3,50725.0,586,61,45
23.542065,-16.897816,2,83844.0,1574,62,57
-32.167458,31.110296,0,41145.0,13,64,20
20.279394,7.426011,2,67419.0,1471,44,29
-30.527159,12.388098,0,23162.0,65,44,82
-24.795582,-18.840351,0,34380.0,175,37,68
-14.75077,35.48559,0,34704.0,40,48,65
17.254297,-28.428972,1,94871.0,1078,45,99
21.35932,22.249277,3,65148.0,1115,56,9
-3.1395233,28.367256,0,39898.0,134,60,20
37.13974,23.007008,2,64857.0,1540,58,78
-10.598423,25.45175,0,59892.0,87,44,26
-54.235012,-24.032457,0,41020.0,217,27,68
50.638115,-28.956219,3,57072.0,1034,53,79
29.960526,11.448272,2,60474.0,1180,35,25
10.661822,16.926048,3,62807.0,819,54,83
-44.096657,-15.337758,0,19414.0,32,33,32
-47.01845,-13.62003,0,19107.0,46,34,49
33.273952,13.88738,2,75484.0,1159,38,50
11.052928,9.794949,3,70379.0,860,38,84
44.533875,21.858316,2,79419.0,1631,44,96
5.445449,-13.483858,3,64014.0,444,68,56
18.06463,-20.150476,2,76998.0,1910,59,85
-8.971614,-7.4388585,0,49854.0,380,42,63
1.4720665,-7.018075,3,60585.0,736,43,17
-15.038826,9.400062,3,42873.0,269,64,11
35.160797,-28.342308,1,87679.0,2524,26,62
-2.9801097,-8.193767,3,57867.0,612,36,48
-58.930347,-13.862738,0,35765.0,75,24,86
42.345448,16.715097,2,65492.0,1045,55,73
-44.227615,-12.324864,0,32952.0,55,37,36
52.617542,-29.906265,3,53374.0,1064,45,34
21.306072,10.888582,2,71706.0,1443,55,16
41.025887,1.5327557,2,68487.0,1366,26,48
-4.0393476,-6.0691185,3,53253.0,436,39,61
-46.96328,-4.3301945,0,31163.0,38,41,54
-8.8751745,-11.497275,3,42014.0,436,37,56
0.42462888,-8.105143,3,54108.0,747,41,74
51.380394,-28.590315,3,49667.0,1396,59,35
28.459959,-9.266681,2,63206.0,928,40,65
-0.86210614,-7.2149577,3,57136.0,642,42,48
48.996357,-23.191816,2,46772.0,1048,39,88
41.154865,12.332758,2,78931.0,943,43,19
16.794294,11.517843,3,53977.0,907,56,21
44.079723,9.068506,2,84219.0,1198,26,27
-18.014782,-5.9986944,0,46098.0,120,39,86
25.90486,12.859255,2,73538.0,1658,49,92
43.367554,11.680848,2,79529.0,1638,28,1
-39.91153,1.19847,0,20981.0,73,37,14
-17.750141,-15.920006,0,51766.0,275,34,74
10.088282,4.9349356,3,55759.0,854,52,84
-38.3157,-12.325677,0,33039.0,78,36,4
-45.116863,-6.947476,0,37787.0,106,42,50
-33.743618,-10.71464,0,27242.0,106,44,2
47.900837,9.495711,2,87188.0,1923,31,73
41.374264,14.098747,2,69930.0,1662,43,21
-56.50072,-5.1305847,0,37697.0,84,38,82
-34.942574,-8.022503,0,37401.0,48,41,14
-46.90223,-0.01798719,0,3502.0,5,41,56
1.0665087,-7.0000253,3,58597.0,733,38,20
36.47379,31.164011,2,82032.0,1234,66,54
-25.48701,16.424606,0,28087.0,112,56,77
28.862774,-29.525331,1,74004.0,1658,27,5
-14.148055,37.054188,0,19740.0,55,54,65
53.293938,-27.857971,3,57036.0,1513,39,33
1.8028207,-29.20065,3,53083.0,271,56,65
14.163263,7.9310923,3,69283.0,904,39,41
-18.014782,-5.9986944,0,46098.0,120,39,86
-59.782574,-15.979755,0,23331.0,103,26,92
-11.430393,-16.61312,0,23331.0,269,26,97
-57.28567,-15.862067,0,9255.0,22,25,91
29.394768,29.162046,2,67786.0,1156,55,0
7.7268767,-26.861012,3,71969.0,1086,43,59
21.059057,8.000051,3,59235.0,1128,47,4
-38.151077,-19.974005,0,31928.0,72,25,5
18.706192,11.32305,3,74881.0,964,53,48
47.079437,13.790928,2,65819.0,1383,36,99
-25.455774,21.047531,0,51411.0,18,61,81
8.7562,13.854543,3,51983.0,793,50,95
-39.18933,-23.379784,0,42386.0,100,28,43
-47.322132,-27.673927,0,30390.0,80,27,5
-21.821543,35.62056,0,30983.0,167,51,50
13.169565,17.895296,3,66033.0,677,57,76
-30.177969,4.1011343,0,37284.0,23,39,46
-4.1013646,39.863983,0,57530.0,92,63,68
26.267187,29.337763,2,76800.0,641,49,33
32.525066,25.516586,2,63943.0,1106,58,50
27.098915,-18.40757,2,76081.0,1033,52,85
19.453238,3.5724676,3,67445.0,1174,40,63
-31.659739,13.425678,0,37054.0,25,47,89
52.69407,-35.67286,0,47175.0,240,52,81
-52.969387,-3.7319324,0,31859.0,20,38,77
-23.982725,11.187956,0,27215.0,102,53,50
21.667316,7.446673,2,70179.0,1034,38,10
-35.471565,-22.173948,0,39922.0,156,31,30
5.538405,6.5832014,3,49681.0,458,38,66
-42.727295,-19.937485,0,24645.0,17,26,16
32.104992,28.863022,2,79865.0,792,60,12
-37.694275,-22.01668,0,44322.0,92,29,30
1.0962613,28.637163,3,47958.0,407,62,8
9.370558,-25.642359,3,63972.0,1269,50,93
20.601812,23.790285,3,75315.0,841,60,14
1.1559569,0.8304986,3,55517.0,633,64,53
3.2038834,-5.0709887,3,75283.0,1019,57,26
22.474981,-27.217487,1,82800.0,1315,68,23
-13.502967,-44.883923,0,38998.0,54,60,92
34.11973,-16.81782,2,90638.0,2525,23,29
-46.150856,-17.691525,0,27161.0,52,28,41
-8.8751745,-11.497275,3,42014.0,436,37,56
-0.3222648,26.221474,3,38201.0,268,54,19
-37.02071,-17.27983,0,45203.0,147,32,4
19.647768,-29.197044,1,81574.0,1798,67,89
-55.23463,-22.603039,0,34935.0,137,22,71
5.2752194,11.8832855,3,60482.0,507,38,81
-37.67517,29.479475,0,34633.0,15,58,31
40.997986,27.24401,2,78093.0,1105,67,53
40.271927,26.165388,2,82460.0,974,64,78
-12.669716,34.38748,0,45903.0,66,48,80
44.228237,4.5719757,2,81361.0,778,27,18
55.10399,-39.70414,0,35860.0,49,41,37
-27.831024,25.821657,0,40442.0,169,62,52
-8.165708,30.36701,3,61482.0,299,49,39
-11.303167,-9.084623,0,34968.0,221,34,11
33.093742,-16.194658,2,75794.0,1682,27,33
-4.951401,26.724056,0,31497.0,155,52,22
36.34907,28.294786,2,74268.0,892,59,83
60.299625,-41.5354,0,13724.0,58,26,43
-3.2110531,22.202003,3,45143.0,311,49,74
-14.9333,34.013676,0,52569.0,95,47,54
-3.5487738,6.7086525,3,48432.0,424,41,3
-25.93364,13.647284,0,17144.0,47,54,96
59.309303,-36.22237,0,36108.0,339,30,68
37.317577,10.353711,2,76445.0,1410,43,2
-42.216663,-9.049365,0,36663.0,35,39,40
5.8666205,15.20977,3,53843.0,562,49,64
29.542425,-23.361925,2,90226.0,2352,58,26
10.748116,-24.88843,3,70638.0,1334,59,69
-29.683374,20.308405,0,44512.0,32,54,57
-29.753899,16.010595,0,27116.0,41,53,78
-31.326323,16.44248,0,54072.0,39,51,71
11.944846,8.833339,2,71855.0,1141,37,59
56.642857,-32.839535,3,51250.0,710,24,28
2.828129,10.329657,3,60432.0,401,41,61
7.233923,32.883255,3,65526.0,506,50,22
49.674404,10.1043,2,68655.0,1538,26,95
-41.202785,1.3719474,0,12393.0,57,36,38
43.27584,-24.578941,2,64509.0,1722,24,19
-20.47941,-16.408766,0,33955.0,270,39,92
-27.357485,0.8469967,0,31353.0,31,37,24
30.60198,2.2772057,2,55434.0,882,30,21
-44.987213,-16.507603,0,28359.0,16,31,35
-10.853914,10.663321,0,57100.0,311,27,9
1.8100365,31.35724,3,69139.0,227,49,23
11.149532,2.5496325,3,52973.0,1152,58,92
3.9004855,-32.118587,0,51717.0,122,49,55
-32.393803,-11.259657,0,18793.0,77,43,14
46.698963,13.083047,2,66664.0,1289,32,78
-0.1431668,-3.455306,3,50664.0,561,55,64
-18.476473,17.313578,0,54414.0,211,51,49
-1.5193903,28.180056,3,54549.0,233,62,8
26.121319,2.6920385,3,47111.0,1092,43,35
31.58803,8.659785,2,41003.0,601,51,11
-36.888508,-18.269924,0,19444.0,54,32,8
-46.187733,-7.6157336,0,36301.0,78,38,53
24.960617,21.212662,2,73059.0,1095,67,36
-21.304472,-11.794881,0,42731.0,244,45,64
-33.482178,22.52539,0,52854.0,116,55,43
-44.65696,-13.994955,0,22775.0,15,36,40
3.5535676,37.042522,3,46681.0,425,66,52
6.256664,25.171316,3,59821.0,734,59,11
8.447648,23.733232,3,50002.0,638,60,21
31.378979,27.833496,2,69755.0,894,69,23
-24.727436,4.8005,0,44078.0,41,45,17
-37.398495,-10.271497,0,30560.0,31,38,6
-34.336708,16.03603,0,35924.0,34,45,56
15.2078,-51.998547,1,64140.0,1750,50,71
-1.0740292,-8.246302,3,56386.0,612,33,51
-58.24482,-6.4752955,0,24594.0,29,35,94
31.26605,2.4474514,2,75774.0,823,33,27
-15.519643,43.77243,0,39228.0,20,54,1
2.4889216,11.775252,3,58494.0,396,40,56
12.6410675,-26.552444,2,58684.0,813,33,71
33.19583,9.691858,2,57136.0,1179,47,18
-26.282595,24.297092,0,56551.0,138,64,48
-56.867092,-8.172299,0,22448.0,55,32,86
35.70346,20.27501,2,82014.0,1511,53,48
-17.630024,4.952051,0,34213.0,117,51,2
44.152767,-3.189665,2,157146.0,1730,37,13
-8.550147,41.618923,0,25358.0,32,67,57
-54.79682,-5.640649,0,35544.0,67,36,77
-0.11050164,27.462063,3,36634.0,335,60,0
23.351816,24.198935,3,62670.0,825,60,57
3.674939,-0.8256248,3,50334.0,694,42,24
27.631977,-29.714647,1,72066.0,1792,33,55
-1.0520624,-2.8844168,3,50729.0,496,56,62
-22.249617,-19.996899,0,34916.0,231,46,89
10.895826,9.973131,3,64892.0,902,38,77
-21.419867,0.6614009,0,43602.0,68,48,45
-52.330597,-24.35929,0,33996.0,71,25,46
-57.563854,-13.356084,0,41473.0,76,29,80
10.155899,15.255865,3,63246.0,772,47,60
-28.301846,19.68011,0,36732.0,47,55,71
22.240852,4.8231015,2,69084.0,1586,44,43
48.88928,-24.914621,2,77766.0,1529,47,97
11.032136,-33.571747,0,37929.0,265,29,49
38.199585,30.678154,2,86610.0,1603,63,66
33.003277,-14.474749,2,80141.0,2091,28,20
25.750961,-19.27421,2,72635.0,981,59,54
28.836048,13.454416,2,69016.0,1533,44,61
-48.872974,-27.60436,0,20193.0,82,23,18
-27.721926,-15.326611,0,27573.0,244,39,45
-43.320457,-14.689191,0,15862.0,36,35,26
-8.606543,11.051255,0,49544.0,404,38,0
-42.09914,-15.967489,0,33228.0,71,34,28
32.14709,-18.795881,2,70440.0,1572,36,49
-18.758297,-5.1816263,0,38232.0,122,43,84
-30.339693,25.391817,0,22554.0,41,59,38
-51.66359,-15.210114,0,23536.0,10,31,53
-5.142111,36.34623,3,49413.0,304,62,88
-33.97191,12.325424,0,42231.0,37,45,99
41.66854,7.174954,2,78789.0,1754,34,12
15.496663,-49.398903,1,56534.0,815,46,35
21.194582,7.9089923,3,58350.0,1001,43,5
49.07628,10.49326,2,81217.0,1157,25,77
7.4120927,22.957697,3,49090.0,688,63,45
47.445156,8.215213,2,61787.0,1319,27,71
-46.172398,-17.02807,0,18169.0,21,29,40
-55.370815,-12.001624,0,24336.0,31,33,82
-55.9152,-21.83833,0,18222.0,67,24,70
35.9528,24.47488,2,62335.0,708,62,87
-34.106182,12.728736,0,42033.0,25,43,95
28.52371,-9.158947,2,86580.0,746,31,72
-35.94317,27.580265,0,41437.0,32,57,5
29.328188,17.471886,2,73705.0,1695,63,86
20.511614,2.124946,2,61064.0,1080,38,80
-29.370243,23.72713,0,38452.0,72,59,62
-37.04001,-23.946512,0,18358.0,57,25,49
6.8134613,7.103762,3,55012.0,660,41,85
-32.354164,-12.501434,0,9722.0,103,41,7
-36.518333,-19.399435,0,38175.0,153,30,6
13.838626,-20.421572,3,58656.0,1220,58,25
-4.5106735,21.899803,3,52117.0,279,49,55
28.361006,5.0550838,2,64813.0,745,36,81
-12.624513,29.971388,0,54222.0,264,41,98
13.820452,-52.97364,1,83512.0,2157,28,31
37.054253,-26.087563,1,77520.0,1526,55,30
-15.156529,31.041378,0,41154.0,69,36,98
26.561186,-14.357244,2,80398.0,1597,48,92
-38.105923,-23.972055,0,18746.0,64,22,41
-10.011423,-14.58896,0,35196.0,497,30,68
13.887383,19.414438,3,60230.0,1067,58,78
-27.05216,1.930169,0,22108.0,31,37,46
-8.935351,-5.448435,0,44392.0,211,40,71
53.918423,-28.404171,3,55424.0,877,38,6
-14.362003,-44.122322,0,17688.0,11,35,82
24.896658,-32.770157,1,92491.0,2034,31,71
27.040918,-32.58334,1,90273.0,1991,23,32
21.94699,-17.815115,2,82571.0,1686,52,28
-10.765452,-9.956858,0,38513.0,324,32,20
-37.116436,-16.208036,0,16653.0,69,35,10
-15.361084,9.070922,3,42586.0,252,59,7
-14.897799,36.37739,0,23529.0,54,49,67
18.705854,11.323522,3,74881.0,964,53,48
29.438585,17.644995,2,71107.0,1327,63,61
-34.781067,22.679628,0,46910.0,68,50,36
-19.767717,37.712997,0,18690.0,60,55,77
51.886673,-39.431637,0,37244.0,55,59,90
30.789919,-18.89752,2,82427.0,1456,48,35
22.704668,24.686613,3,75342.0,563,56,38
17.309237,20.527859,3,70044.0,1504,60,46
0.45362696,8.932477,3,79146.0,564,47,33
24.714746,-13.396206,2,77437.0,1125,51,70
11.575426,-17.30203,3,54984.0,358,55,51
-36.52074,-6.881019,0,42403.0,42,43,18
3.534535,-30.647137,3,55761.0,184,50,97
-10.036524,-10.850816,0,37292.0,460,31,32
-12.389447,45.219227,0,45576.0,145,69,9
29.42481,23.86426,2,70321.0,1376,67,6
9.042292,13.200775,3,58086.0,792,45,80
38.715126,30.592741,2,81795.0,1382,62,74
-11.3529,43.2718,0,28389.0,28,67,49
24.48848,22.702026,2,66835.0,1033,68,21
24.838688,11.141471,2,69901.0,882,45,95
23.324282,-30.392637,1,80360.0,2231,65,56
7.8989344,-28.31722,3,63342.0,1101,53,48
-4.99902,7.873097,3,44989.0,369,40,26
-38.848614,-14.15786,0,31859.0,48,34,3
6.6892624,-30.25419,3,51569.0,467,65,39
-23.76923,1.7708504,0,30372.0,44,43,33
-27.959482,3.5527387,0,16014.0,38,35,42
-30.026943,12.198809,0,41120.0,81,46,80
-32.45473,-10.502752,0,39763.0,167,43,9
-28.223063,21.975384,0,38725.0,45,59,52
27.936604,4.6201096,2,77981.0,664,42,78
21.249767,16.607456,2,62905.0,622,50,68
-46.476357,-13.306867,0,13533.0,48,35,45
-1.0722857,14.411695,3,59481.0,461,39,47
19.115429,5.9766073,2,72117.0,1073,37,34
-58.1524,-13.695368,0,21955.0,55,28,81
21.023838,14.216593,3,67131.0,976,58,72
-40.95127,-12.211134,0,36802.0,20,34,23
43.12189,9.968711,2,71853.0,1149,32,29
-19.075323,37.20218,0,28249.0,43,53,80
55.493015,-37.38504,0,47808.0,224,39,30
-32.766148,-11.862088,0,25509.0,101,40,15
-6.85102,38.911285,0,51012.0,209,68,86
47.35596,4.0010138,2,70596.0,968,29,68
38.98777,28.020859,2,85431.0,1165,62,54
-15.57423,35.09796,0,42664.0,24,47,44
-15.36107,9.070918,3,42586.0,252,59,7
-24.740282,-23.105278,0,29760.0,165,29,87
-17.00094,-12.389034,0,28973.0,269,37,59
-35.093204,-7.465673,0,39435.0,102,41,16
37.84866,6.4129586,2,65370.0,461,30,1
-52.12019,-8.564721,0,20194.0,47,35,64
-21.299911,-6.8493547,0,42473.0,144,38,72
25.405329,9.868289,2,64590.0,1338,46,98
11.350337,16.593048,3,71232.0,917,55,91
-12.152173,0.9669324,0,34600.0,318,43,8
-16.5663,2.7886767,0,46904.0,253,47,20
-3.200218,7.2272415,3,49094.0,502,41,6
-49.962685,-12.446141,0,36075.0,119,31,54
7.1892924,-4.8743825,3,60839.0,1250,35,72
34.67798,4.189371,2,77298.0,969,35,46
-33.850464,28.519478,0,34026.0,76,64,11
-36.41459,23.353716,0,48918.0,62,51,21
25.48721,-14.126599,2,82122.0,1382,52,89
-56.50072,-5.1305847,0,37697.0,84,38,82
51.95088,-35.859066,0,34074.0,255,62,69
-31.55046,19.662958,0,28520.0,43,54,55
4.083346,33.442577,3,62535.0,398,59,13
-54.9683,-6.6637983,0,36273.0,76,37,80
13.618324,-16.579145,3,63404.0,902,50,97
31.26605,2.4474514,2,75774.0,823,33,27
25.930944,10.602387,2,78416.0,1179,38,99
17.994055,-19.211664,2,75702.0,1921,40,87
-23.368488,21.09382,0,59385.0,185,63,85
-1.0474851,-5.4953213,3,37070.0,433,48,30
51.823265,-39.356518,0,44689.0,34,63,82
16.794321,11.517885,3,53977.0,907,56,21
15.095627,15.569188,3,7144.0,416,48,92
-27.569155,13.644179,0,18701.0,44,50,95
31.217268,30.31779,2,90369.0,1588,58,2
43.37729,-26.430964,2,63159.0,1797,40,74
-33.67333,17.7851,0,37758.0,40,48,49
8.689592,3.8375678,3,46757.0,1143,51,71
27.08864,-16.861553,2,79734.0,914,45,72
33.776447,-20.402666,2,63207.0,1502,22,68
30.421333,23.384863,2,72071.0,1338,60,4
-55.439346,-13.190228,0,21840.0,27,31,80
12.929695,-25.215714,3,58582.0,763,32,15
30.05675,19.246902,2,72282.0,1331,63,70
6.0315866,19.49554,3,50387.0,525,58,91
-36.900043,26.892296,0,32583.0,9,53,10
13.92152,-16.476643,3,62568.0,953,52,99
-24.243233,3.1709023,0,44635.0,68,43,25
-22.494474,1.9213215,0,33316.0,131,43,34
24.846087,15.103828,2,63967.0,882,46,57
28.724518,9.633099,2,52513.0,1149,36,84
-44.452675,-2.9077535,0,25293.0,37,45,51
-3.0177352,23.49571,3,54111.0,388,49,97
43.977333,9.617782,2,78394.0,1428,28,13
44.85773,24.763601,2,80739.0,1633,56,92
-30.346712,-13.724271,0,22669.0,173,39,30
-35.87694,-23.458786,0,29236.0,99,27,30
-1.5386983,27.013731,3,44911.0,215,55,11
10.988025,4.1838207,3,54693.0,929,52,72
-27.464138,-14.517516,0,48186.0,219,40,39
-14.29142,3.5198233,0,54809.0,174,37,0
-22.782751,5.1941385,0,41580.0,92,36,15
40.79664,11.356691,2,80336.0,1052,44,12
4.3492494,-30.819134,3,47743.0,275,57,56
9.507304,23.671213,3,62972.0,587,59,39
16.856258,0.83979416,3,57333.0,1662,60,55
-28.165817,-19.847324,0,32313.0,159,32,60
23.1557,-29.935076,1,84953.0,1024,61,73
-51.68554,0.46513808,0,27071.0,35,46,90
38.616325,24.864773,2,68148.0,1042,57,86
-7.0748305,-1.3618222,3,65735.0,395,49,37
38.04813,-25.54618,1,86836.0,557,39,7
-4.5417976,-12.180127,0,4023.0,9,51,29
-48.086258,-26.533066,0,30093.0,69,24,19
2.6918657,25.75726,3,57705.0,486,48,14
-56.070026,-15.732079,0,25008.0,34,26,72
-11.733569,-42.559036,1,83257.0,1365,19,56
-53.472607,-2.5806966,0,22280.0,13,39,85
42.874344,5.677402,2,72159.0,1401,36,62
29.678411,29.758928,2,64260.0,1574,53,1
37.881454,4.5020213,2,82733.0,1323,30,28
14.827603,-30.230137,1,74290.0,1217,43,70
-24.687939,18.04714,0,58217.0,103,63,84
-57.309002,1.7611898,0,21024.0,84,38,89
45.753197,21.544924,2,70116.0,1536,42,73
-13.216164,-13.748917,3,54006.0,581,29,42
6.621893,32.390614,3,69063.0,928,48,16
-38.881115,0.49174544,0,11448.0,14,39,16
-0.88949376,15.031468,3,61825.0,424,35,56
40.289413,19.566181,2,70886.0,960,43,65
32.492588,-14.140095,2,69109.0,1555,32,10
2.918266,-9.796093,3,60208.0,656,41,13
-30.26664,12.154497,0,32889.0,55,46,78
-50.85263,-15.392545,0,34738.0,20,30,51
-13.078524,-0.90972674,0,30538.0,367,43,27
27.421043,-32.869972,1,82326.0,2257,37,30
-50.371517,0.007613697,0,26642.0,42,47,71
29.990269,16.309893,2,69932.0,1049,50,97
-32.495605,11.811467,0,44503.0,48,42,83
6.6192756,26.773846,3,60200.0,685,66,3
-4.5163417,39.988937,0,49638.0,39,62,71
-47.00995,-27.134466,0,23830.0,43,27,3
28.044321,11.326711,3,33051.0,835,55,15
28.888273,-22.817093,2,72905.0,1515,56,52
19.746302,22.737377,3,69702.0,1039,63,8
22.21512,1.632982,2,70300.0,1596,39,89
47.682137,9.237865,2,70643.0,1828,30,66
55.75586,-41.070656,0,30396.0,34,45,22
-6.1572495,22.193146,0,50616.0,149,46,56
11.021935,-25.122955,3,62772.0,946,45,74
-52.171696,-24.195902,0,30298.0,28,29,48
-13.789757,-15.059497,0,52413.0,450,30,67
-31.46587,30.659666,0,44155.0,46,57,24
43.571064,-26.329441,2,86979.0,1702,43,67
26.269287,2.7806275,3,76532.0,820,39,38
59.910255,-36.364002,0,42081.0,382,32,86
48.988014,14.25353,2,67546.0,2126,26,90
35.582832,-28.56303,1,88420.0,2069,25,87
-52.225975,-13.000339,0,31158.0,72,29,62
13.030186,-30.879082,3,61671.0,732,46,23
41.0372,20.272943,2,69719.0,801,40,99
-1.2158793,29.752935,3,49160.0,236,65,29
58.94732,-40.199184,0,24882.0,80,36,52
24.060183,-14.632515,2,90933.0,1685,60,90
24.22274,20.002064,3,113734.0,277,69,9
2.0435178,37.100338,3,59292.0,507,64,71
-35.96159,25.267948,0,45759.0,68,50,13
-46.523006,-26.680752,0,22148.0,49,31,16
2.2179577,6.1038113,0,73395.0,397,27,94
-49.494675,3.250669,0,29819.0,39,43,77
5.6599927,-32.649117,3,45688.0,306,46,20
35.46278,27.274895,2,62820.0,976,60,51
12.417861,10.139605,3,60491.0,1028,43,81
-56.789597,-13.974647,0,33235.0,70,28,71
-13.159681,42.2343,0,35701.0,46,55,36
60.8683,-39.244453,0,31535.0,51,34,95
40.384922,12.239102,2,92556.0,1263,54,32
13.149642,-23.350351,2,67384.0,1490,44,32
46.096813,17.784716,2,80573.0,1564,43,85
17.46274,-28.111387,1,77870.0,1815,47,93
14.499373,3.1361704,3,52278.0,1198,51,24
15.840443,-49.51121,1,57107.0,416,46,44
-48.07074,-26.999058,0,18929.0,85,24,15
-55.784695,-7.820993,0,36038.0,47,33,82
-39.650185,1.9173652,0,20180.0,137,38,27
-32.39435,15.653072,0,34230.0,21,49,72
-11.225373,23.782013,0,31878.0,70,37,7
31.765236,14.443297,2,70932.0,909,42,57
12.238161,-50.547558,1,91249.0,1676,58,84
22.74629,-16.444553,2,77598.0,1735,71,53
-11.642889,-43.909943,2,80982.0,1191,55,48
-37.996025,-11.151829,0,22701.0,24,37,2
15.302933,-49.70775,1,55212.0,1182,45,65
42.492847,21.114365,2,70617.0,1280,44,45
28.495203,20.47081,2,64849.0,1336,57,42
3.3156056,-1.3065325,3,62694.0,749,49,29
-34.47683,9.657026,0,61917.0,91,40,83
1.0348786,37.830517,3,67472.0,414,67,93
-33.51225,-18.339529,0,21059.0,44,32,40
-34.65009,-0.90934014,0,29543.0,63,46,47
26.584017,21.333757,2,75903.0,901,63,50
-26.659832,2.163283,0,34984.0,38,39,40
4.799596,28.885738,3,54998.0,455,58,3
7.0244155,22.256718,3,54356.0,775,65,62
-14.405819,41.57048,0,34242.0,15,55,25
-46.654453,-5.1935487,0,25410.0,38,41,48
38.263947,-25.882809,1,73356.0,1512,30,56
-8.695572,41.587563,0,28320.0,43,64,68
-50.17413,-5.590988,0,23763.0,42,37,64
46.30645,14.4522,2,72570.0,1089,30,67
-56.81149,-2.9788885,0,34529.0,162,38,94
37.553608,24.948088,2,70792.0,1272,63,82
42.65614,12.342266,2,63211.0,1173,32,3
39.512405,6.5030093,2,83891.0,816,40,24
-20.731693,-1.0842752,0,36065.0,74,46,54
-3.1396,28.36717,0,39898.0,134,60,20
-6.5805845,39.591755,0,51141.0,157,74,96
-2.2551904,13.022934,3,56939.0,561,38,19
38.46907,26.754671,2,80872.0,1336,63,60
36.315594,2.321782,2,72335.0,2092,38,2
6.000257,31.645401,3,61798.0,463,50,13
41.10742,27.699673,2,76842.0,1130,64,37
-49.070057,-5.3650107,0,29478.0,20,38,59
51.33245,-31.965664,3,46998.0,377,58,55
30.088566,-12.134201,2,96843.0,1544,24,60
-26.282612,24.297504,0,56551.0,138,64,48
27.489838,13.894811,2,70053.0,1012,49,38
13.8690195,-50.396347,1,71670.0,1766,52,8
-23.122002,5.3489237,0,44359.0,45,36,19
-29.036585,27.05895,0,40887.0,161,62,32
-5.837902,25.763935,0,48877.0,144,48,27
38.026257,31.89445,2,74485.0,1734,67,58
24.885145,7.979044,3,64474.0,823,42,59
33.275356,19.872803,2,77226.0,1138,51,29
26.888092,-21.832205,2,72643.0,1429,65,60
19.415623,-32.738907,1,85738.0,1371,36,41
52.11529,-29.313564,3,55686.0,982,48,27
58.26018,-41.701515,0,39062.0,44,31,28
-12.152173,0.9669324,0,34600.0,318,43,8
-4.167279,9.238575,3,40794.0,434,39,18
-20.70202,-8.930821,0,54690.0,198,43,76
15.511736,15.53667,3,4428.0,359,45,0
31.445946,8.620213,2,32632.0,576,51,32
-18.88267,4.316445,0,38236.0,88,46,2
-39.414127,-15.637414,0,36781.0,63,35,16
60.07188,-40.629044,0,31385.0,27,30,56
-23.467607,-23.501667,0,24570.0,193,30,97
-32.766186,-11.862128,0,25509.0,101,40,15
29.363146,-25.553001,1,94642.0,2211,63,35
-8.960924,26.592834,0,58646.0,140,52,3
-2.2635837,-5.995306,3,53201.0,415,39,49
-15.175485,42.68324,0,21994.0,22,57,4
-9.589364,-3.9459338,0,57113.0,263,36,45
-14.963723,-10.998214,0,51373.0,393,23,37
-35.21702,-23.318916,0,23477.0,147,28,39
4.1167283,34.68757,3,58116.0,443,58,38
23.843151,-20.640501,2,72968.0,1958,51,8
-14.418926,28.509733,0,39791.0,174,43,89
22.429102,-15.918495,2,91712.0,2217,67,47
19.363667,-28.958904,1,94472.0,1691,56,75
-29.036217,15.8014765,0,13672.0,25,54,86
38.0815,-25.569923,1,96547.0,809,34,4
27.791193,-17.489094,2,79205.0,895,39,73
0.03394988,13.026341,3,56559.0,484,39,46
56.462624,-35.543594,0,32644.0,413,41,38
-0.489554,15.605541,3,67506.0,331,34,73
-48.289635,-2.2636564,0,24206.0,25,44,66
-42.257633,-3.0876524,0,28420.0,13,47,36
-30.481379,-11.943902,0,22979.0,115,44,29
-17.167856,33.88507,0,33279.0,16,48,29
-20.935373,4.378924,0,46423.0,92,42,6
-15.921652,30.428587,0,30368.0,52,37,97
30.523884,14.8553915,2,63684.0,1464,44,61
51.843464,-31.5991,3,41638.0,441,50,68
-1.8788117,37.447334,3,68805.0,283,55,73
8.991118,14.478057,3,65814.0,747,48,90
39.09332,30.174408,2,71964.0,1870,56,81
-36.610947,-19.84849,0,39146.0,165,28,1
25.838154,-32.622383,1,96876.0,1941,37,79
28.739353,8.950809,2,34445.0,839,33,92
34.85274,19.74796,2,68281.0,1655,56,31
-30.1779,4.1011043,0,37284.0,23,39,46
-46.17724,-27.016993,0,36790.0,66,31,14
-28.863338,13.2230625,0,27943.0,37,47,89
-13.67283,-44.85127,0,22263.0,21,63,31
-31.936117,14.528959,0,30261.0,22,42,75
-33.21381,-16.402046,0,28587.0,78,36,42
-49.87346,-12.448306,0,43815.0,79,32,53
-16.91164,11.412123,3,48195.0,265,58,53
19.72686,23.418667,3,77027.0,1175,62,23
23.25655,13.515716,2,71322.0,1305,49,57
-48.988487,-11.540773,0,32765.0,46,35,49
-37.72337,26.293219,0,29672.0,25,49,6
-12.633706,42.830853,0,23272.0,46,61,29
50.920628,-26.78741,3,49912.0,874,65,5
-23.579102,-23.110413,0,7500.0,100,29,98
49.835278,-28.930218,3,68117.0,930,67,80
20.858158,21.513641,3,67225.0,868,59,4
-26.296598,-19.77533,0,17649.0,45,38,70
29.588482,11.431413,2,55914.0,1260,39,32
59.586933,-35.71142,0,40059.0,414,30,82
3.2776637,34.402588,3,60905.0,392,64,27
21.194273,2.057306,2,75330.0,1109,37,94
19.941061,24.802895,3,60689.0,639,63,23
-58.80463,-12.236172,0,38680.0,79,30,97
43.389454,-24.398256,2,61416.0,1665,32,25
33.83066,-2.153719,2,49767.0,692,23,92
7.613382,-4.0275626,3,83273.0,1392,44,98
-39.32026,-16.519035,0,29009.0,44,33,19
-57.03805,-6.0901804,0,45057.0,50,35,80
-8.187487,-13.115381,3,37150.0,467,43,80
-21.107767,-13.179827,0,43020.0,223,44,79
-2.3575068,34.43219,0,53154.0,158,55,50
26.793259,-29.76916,1,65308.0,1211,41,60
37.381634,13.436031,2,76467.0,1575,44,44
30.909594,28.304182,2,81044.0,1208,67,0
-32.063793,30.547794,0,32871.0,43,63,28
10.547736,-16.857498,3,55801.0,527,39,35
16.016382,25.043331,3,76320.0,932,55,49
-30.896433,24.19347,0,36927.0,71,59,46
-26.17336,19.96016,0,48794.0,54,61,97
-22.019135,35.8449,0,23478.0,129,49,51
22.6532,1.1321548,2,71128.0,1615,41,80
21.667294,7.446644,2,70179.0,1034,38,10
17.875559,15.638532,3,59462.0,1088,64,29
8.441679,-2.1356802,3,51381.5,721,45,52
-48.856655,4.210205,0,38361.0,137,45,74
-55.995808,-7.8835287,0,51381.5,47,33,82
47.169544,7.6395717,2,70038.0,1244,32,54
-36.051285,9.662087,0,42554.0,41,36,93
19.453238,3.5724676,3,67445.0,1174,40,63
35.448997,24.698599,2,67046.0,993,63,92
-11.259138,42.133312,0,42192.0,100,66,40
15.885578,21.250273,3,77610.0,1680,62,70
-59.77113,-12.656423,0,31761.0,98,30,96
-54.940273,-5.1420817,0,34350.0,48,35,81
5.506037,21.14678,3,54591.0,519,65,63
34.587795,24.229527,2,71866.0,715,58,85
-44.452637,-2.9076822,0,25293.0,37,45,51
32.3929,1.7413962,2,42000.0,653,27,23
49.54367,12.720808,2,69520.0,1455,31,95
-3.6670895,12.10707,3,64713.0,602,44,11
-47.477848,-6.4542756,0,27889.0,26,37,42
-18.84663,36.87582,0,22123.0,102,54,77
-18.265303,-4.9581857,0,51381.5,97,43,82
-5.6817393,36.360905,3,51381.5,207,60,83
-30.025234,-14.234862,0,27803.0,176,41,40
3.6004107,19.795193,3,51381.5,450,59,95
2.584106,24.026182,3,51651.0,433,54,32
41.025837,1.5327064,2,68487.0,1366,26,48
27.835905,-21.658998,2,51381.5,1564,71,75
18.744768,8.464031,3,56796.0,1001,45,24
46.870422,4.36243,2,87000.0,961,22,61
20.262169,-17.597767,2,79823.0,1518,55,6
-39.896084,-12.021293,0,30828.0,56,34,16
-16.24338,34.275166,0,34109.0,22,43,39
-9.535895,0.6405673,3,53367.0,400,40,2
-40.955116,3.6027317,0,22390.0,26,45,49
-2.2535725,14.502405,3,71322.0,350,38,31
31.623878,-27.551325,1,79244.0,1216,21,58
50.920628,-26.78741,3,49912.0,874,65,5
-25.91401,20.1825,0,48699.0,40,64,90
41.425137,15.237039,2,80144.0,1367,39,47
-15.709824,9.673296,3,54252.0,264,58,25
40.115158,-26.01828,1,81929.0,2053,38,60
15.29148,-50.205833,1,76068.0,1376,39,67
-29.488853,5.095013,0,53204.0,45,38,40
16.713682,21.24835,3,67911.0,976,65,63
-39.660828,-19.90112,0,14796.0,51,30,1
16.196974,-30.366547,1,78128.0,1264,40,89
-40.08141,2.9125998,0,14188.0,75,42,40
-39.32131,-19.785288,0,20425.0,57,28,5
-8.960583,26.592897,0,58646.0,140,52,3
53.20144,-29.40758,3,72967.0,497,44,1
-0.83555675,28.336302,3,48150.0,266,65,24
25.753778,-14.061427,2,82332.0,2006,53,89
0.6778073,-2.2805557,3,58275.0,615,59,48
54.00602,-27.682426,3,44953.0,1021,33,31
-27.114725,20.95702,0,34587.0,22,61,68
-13.9003,24.653498,0,43018.0,133,40,46
3.0539675,19.799328,3,45736.0,437,60,92
11.835491,10.698251,3,66476.0,1013,45,80
-38.412018,-16.350435,0,27733.0,57,33,16
17.160984,21.561676,3,69805.0,1038,62,50
44.301323,25.285748,2,72217.0,1573,52,93
-45.573635,-3.1491237,0,25818.0,28,43,51
-35.704456,-14.829959,0,37509.0,123,38,24
-36.738625,11.439506,0,25176.0,13,38,79
-10.375043,20.47815,0,43586.0,132,34,26
21.134794,15.8069,3,53230.0,732,58,86
1.8507569,-31.551512,0,50116.0,66,57,68
13.7356415,-50.929863,1,84906.0,1631,42,98
9.863316,21.58452,3,61286.0,608,48,34
29.020056,-12.254067,2,82333.0,1822,28,60
17.71222,8.378236,3,65220.0,1282,49,3
-38.09068,6.441807,0,33590.0,8,40,65
-53.99293,-3.8225534,0,30992.0,43,38,83
27.780378,-13.13984,2,72309.0,1931,38,64
-3.729371,40.778458,0,156924.0,8,65,85
-26.1021,-21.266378,0,16005.0,103,34,69
34.39041,28.336048,2,65487.0,1169,57,48
2.1985016,25.907291,3,58692.0,395,49,21
54.315533,-36.156704,0,40590.0,258,45,30
-42.994762,-3.8724492,0,20587.0,25,44,39
-3.6539905,38.756084,3,62637.0,185,60,76
-17.422195,4.3217835,0,29435.0,180,48,11
-39.806557,-7.359763,0,19346.0,22,40,26
-24.88271,2.6472144,0,35788.0,44,43,34
-18.046799,-3.9870076,0,36997.0,94,46,72
-13.579012,43.312332,0,23539.0,81,57,13
14.264067,-30.312544,1,65333.0,798,41,58
22.459665,-20.855976,2,78499.0,1334,57,12
-38.908722,-7.1760373,0,29732.0,38,43,23
-30.30748,26.421125,0,41275.0,61,54,33
-10.41971,-1.2228854,0,63516.0,300,41,30
-9.399827,26.618269,0,42769.0,88,52,15
-34.15356,25.01397,0,49572.0,54,56,25
31.596558,-20.052166,2,69209.0,1782,42,4
-24.334572,-20.261263,0,17148.0,68,38,80
54.315533,-36.156704,0,40590.0,258,45,30
-37.39852,-10.271474,0,30560.0,31,38,6
-39.201214,-17.328934,0,32146.0,66,31,16
-17.477114,-2.233808,0,41713.0,174,50,57
-11.113906,23.829117,0,34176.0,28,39,9
7.277226,-28.718943,3,58482.0,731,59,59
-7.8972363,33.494328,3,59686.0,274,49,78
24.462389,13.182938,2,60896.0,1701,50,90
-18.170696,-15.520085,0,62994.0,312,34,74
4.4892573,27.318922,3,47320.0,414,57,10
27.13173,-21.255379,2,74859.0,1565,65,63
-41.783596,-20.82111,0,15253.0,29,22,13
-54.801495,-0.84196967,0,31560.0,94,40,98
30.421333,23.384863,2,72071.0,1338,60,4
13.893756,-52.95254,1,91172.0,1092,24,94
35.977917,-29.03137,1,90000.0,1479,30,91
-34.258003,8.273958,0,41967.0,54,33,66
7.9294505,-31.21963,3,69263.0,568,49,14
14.0868225,-49.861416,1,65706.0,1199,44,77
33.04216,13.5953245,2,60934.0,873,39,41
23.121744,22.449938,3,71965.0,1213,63,21
12.260972,-31.923937,1,65210.0,731,59,25
29.767372,-28.250135,1,79174.0,2043,39,2
42.944557,15.012456,2,81380.0,1893,47,51
-3.5487738,6.7086525,3,48432.0,424,41,3
53.772686,-30.360798,3,52914.0,575,43,32
-5.5489955,35.97446,3,38946.0,257,59,84
-30.10085,-16.5423,0,26067.0,56,40,49
5.1859293,-27.10766,3,44325.0,542,42,69
-10.407478,32.834255,0,42523.0,125,50,96
-35.395054,-15.371815,0,26487.0,69,36,23
-15.548623,41.740715,0,53233.0,40,57,18
13.104728,-23.114832,3,67716.0,1016,54,8
13.081995,-24.253437,3,76234.0,907,42,21
24.826967,-14.834628,2,84117.0,1566,58,60
34.39041,28.336048,2,65487.0,1169,57,48
-42.22942,-8.117635,0,25224.0,46,42,36
42.878757,7.2761025,2,89616.0,1644,31,36
-34.58277,14.963278,0,40851.0,59,43,63
-13.469766,44.46121,0,27469.0,17,67,2
38.02466,-28.828934,1,82347.0,1853,57,38
49.437202,-27.375694,2,73803.0,1528,57,61
-28.38956,27.240246,0,8820.0,35,62,52
-39.136738,2.4639745,0,43322.0,141,40,25
52.25809,-30.590382,3,55593.0,546,41,63
51.659992,-32.957508,3,50501.0,500,60,10
-20.071968,-3.2226138,0,37085.0,61,39,65
-60.21949,-16.192097,0,16185.0,106,24,71
17.573439,8.79536,3,57731.0,704,45,0
-3.5488138,6.708883,3,48432.0,424,41,3
26.491577,8.746448,2,73807.0,849,36,88
-48.07074,-26.999058,0,18929.0,85,24,15
-9.633163,-5.581584,0,35893.0,199,46,80
29.676043,2.5998955,2,61014.0,1147,34,17
1.5666171,-31.331291,0,32144.0,54,60,76
-15.034265,37.100483,0,14918.0,43,51,52
-35.999573,23.137463,0,45146.0,53,51,28
5.5489054,24.320314,3,41769.0,521,59,31
42.375755,6.30993,2,88325.0,1623,33,42
-32.91355,28.792713,0,38054.0,45,64,24
45.599133,4.54937,2,80617.0,1435,19,42
-38.400745,-3.6691985,0,5305.0,32,38,12
-26.06237,19.316084,0,36807.0,16,60,88
-52.545353,-12.535884,0,28427.0,52,31,67
36.47379,31.164011,2,82032.0,1234,66,54
-44.65708,-13.994928,0,22775.0,15,36,40
-13.123308,-15.314684,0,40101.0,415,29,73
4.3816633,11.8024235,3,58025.0,470,35,81
19.986715,-32.912037,1,75777.0,1438,32,12
-33.597828,-13.163745,0,7500.0,53,35,7
-30.619669,26.21136,0,33562.0,51,51,33
52.492367,-29.341003,3,57642.0,679,44,24
-1.9575013,-4.4710813,3,58554.0,586,46,55
-0.801173,-8.614114,3,63777.0,653,35,87
3.835697,23.300009,3,57967.0,468,52,39
28.65119,-8.7912445,2,51381.5,1679,36,53
-32.799595,-2.9568415,0,24434.0,50,42,9
60.724934,-38.289955,0,11012.0,84,30,82
11.581192,12.620828,3,44802.0,1049,44,71
-52.026993,-23.926788,0,26816.0,22,28,50
44.11418,-3.3009994,2,666666.0,62,37,23
-52.86904,-3.0461977,0,34421.0,30,40,81
27.480068,11.88327,2,61223.0,1341,47,46
5.445449,-13.483858,3,64014.0,444,68,56
12.636985,-26.641657,3,56981.0,1241,33,91
20.728233,23.291489,3,69245.0,843,58,8
-28.930567,25.621597,0,52869.0,172,60,40
